,index,season,week,awayteam,hometeam,idgame,winner_home,home_coach,away_coach,weather_type,temperature,humidity,wind,streak_away,pass_yds_MA_5_away,pass_td_MA_5_away,rush_yds_MA_5_away,rush_td_MA_5_away,rec_yds_MA_5_away,rec_td_MA_5_away,fumbles_MA_5_away,fumbles_rec_MA_5_away,defense_sacks_MA_5_away,defense_td_MA_5_away,interceptions_MA_5_away,interceptions_td_MA_5_away,kicks_return_yds_MA_5_away,kicks_return_td_MA_5_away,punt_return_yds_MA_5_away,kicking_pts_MA_5_away,streak_home,pass_yds_MA_5_home,pass_td_MA_5_home,rush_yds_MA_5_home,rush_td_MA_5_home,rec_yds_MA_5_home,rec_td_MA_5_home,fumbles_MA_5_home,fumbles_rec_MA_5_home,defense_sacks_MA_5_home,defense_td_MA_5_home,interceptions_MA_5_home,interceptions_td_MA_5_home,kicks_return_yds_MA_5_home,kicks_return_td_MA_5_home,punt_return_yds_MA_5_home,kicking_pts_MA_5_home,delta_day_away,delta_day_home,stade,location,people,month,dayofmonth,dayofweek,pred_winner
0,1018,2021,15,Chiefs,Chargers,401326537,0,Brandon Staley,Andy Reid,cloudy,54.0,83.0,5.0,6.0,258.0,1.6,103.6,1.2,258.0,1.6,1.0,2.2,2.6,0.4,1.4,0.2,34.8,0.0,16.4,9.4,2.0,294.4,2.4,108.8,1.0,294.4,2.4,0.4,0.8,2.8,0.2,0.8,0.0,37.4,0.0,8.0,8.4,4.0,4.0,SoFi Stadium,"Inglewood, CA",98.0,12,17,4,0
1,1019,2021,1,49ers,Lions,401326317,0,Dan Campbell,Kyle Shanahan,indoor,68.0,70.0,,0.0,270.0,2.2,131.4,0.6,270.0,2.2,1.2,0.4,2.0,0.0,0.4,0.0,26.0,0.0,18.8,5.8,0.0,285.4,1.6,87.2,1.6,285.4,1.6,1.0,0.2,1.6,0.0,0.0,0.0,87.4,0.0,23.8,4.2,251.0,251.0,Ford Field,"Detroit, MI",92.0,9,12,6,0
2,1020,2021,18,Bengals,Browns,401326588,1,Kevin Stefanski,Zac Taylor,rain,37.0,87.0,23.0,3.0,355.2,2.4,81.4,0.6,313.2,2.0,1.0,0.8,1.8,0.0,0.4,0.0,32.0,0.0,13.2,6.8,-3.0,198.2,1.6,108.2,0.4,198.2,1.6,0.8,1.0,2.0,0.2,1.2,0.0,60.4,0.0,17.4,3.6,7.0,5.0,FirstEnergy Stadium,"Cleveland, OH",100.0,1,9,6,1
3,1021,2021,18,Seahawks,Cardinals,401326597,0,Kliff Kingsbury,Pete Carroll,sunny,72.0,22.0,1.0,1.0,212.8,2.0,170.8,1.6,212.8,2.0,1.2,0.8,2.2,0.0,1.2,0.0,65.8,0.0,13.0,7.2,1.0,270.0,1.2,121.0,1.0,270.0,1.2,1.2,1.6,2.2,0.0,0.8,0.0,46.2,0.0,12.2,8.6,7.0,7.0,State Farm Stadium,"Glendale, AZ",98.0,1,9,6,0
4,1022,2021,18,Patriots,Dolphins,401326592,1,Brian Flores,Bill Belichick,cloudy,76.0,73.0,9.0,1.0,212.6,1.4,147.6,1.8,212.6,1.4,1.2,1.6,1.4,0.0,1.0,0.0,34.6,0.0,4.8,8.0,-1.0,214.6,1.2,104.4,0.8,214.6,1.2,2.2,1.6,4.6,0.4,1.2,0.2,17.8,0.0,12.4,7.0,7.0,7.0,Hard Rock Stadium,"Miami Gardens, FL",100.0,1,9,6,1
5,1023,2021,18,49ers,Rams,401326599,0,Sean McVay,Kyle Shanahan,sunny,74.0,20.0,2.0,1.0,280.2,1.6,118.2,1.2,280.2,1.6,1.8,2.2,3.8,0.0,0.4,0.0,31.6,0.0,15.0,7.2,5.0,266.4,2.2,114.4,0.6,266.4,2.2,0.8,1.2,3.4,0.2,1.0,0.0,34.4,0.0,18.6,9.4,7.0,7.0,SoFi Stadium,"Inglewood, CA",100.0,1,9,6,0
6,1024,2021,18,Jets,Bills,401326587,1,Sean McDermott,Robert Saleh,snow,34.0,80.0,21.0,-1.0,101.2,0.4,109.0,1.0,156.6,0.6,0.4,0.4,1.1,0.4,0.6,0.2,125.0,0.2,15.8,4.0,3.0,219.4,1.8,147.6,1.4,219.4,1.8,0.6,0.8,2.4,0.0,0.6,0.0,45.6,0.0,18.2,6.4,7.0,7.0,Highmark Stadium,"Orchard Park, NY",90.0,1,9,6,1
7,1025,2021,1,Seahawks,Colts,401326318,0,Frank Reich,Pete Carroll,sunny,,81.0,,0.0,205.8,1.8,136.4,0.8,205.8,1.8,1.0,0.4,3.0,0.0,0.8,0.0,30.0,0.0,14.2,7.6,0.0,238.2,1.6,169.6,1.6,238.2,1.6,0.4,1.0,3.4,0.2,0.6,0.2,60.0,0.0,28.0,8.6,251.0,251.0,Lucas Oil Stadium,"Indianapolis, IN",100.0,9,12,6,1
8,1026,2021,1,Cardinals,Titans,401326311,0,Mike Vrabel,Kliff Kingsbury,sunny,78.0,63.0,6.0,0.0,257.6,1.6,104.4,0.8,257.6,1.6,2.2,1.2,4.0,0.0,0.2,0.0,29.0,0.0,16.0,6.4,0.0,242.2,2.0,190.0,2.2,242.2,2.0,1.6,0.8,1.0,0.0,0.8,0.0,57.8,0.0,2.6,6.2,251.0,251.0,Nissan Stadium,"Nashville, TN",97.0,9,12,6,0
9,1027,2021,18,Saints,Falcons,401326585,0,Arthur Smith,Sean Payton,,63.0,73.0,6.0,1.0,190.0,0.6,114.6,0.6,190.0,0.6,0.8,0.8,3.6,0.0,0.8,0.0,17.8,0.0,32.8,8.2,-1.0,227.0,0.6,90.8,0.8,227.0,0.6,1.8,1.2,0.4,0.4,1.4,0.4,55.0,0.0,8.6,7.6,7.0,7.0,Mercedes-Benz Stadium,"Atlanta, GA",91.0,1,9,6,0
10,1028,2021,18,Cowboys,Eagles,401326595,0,Nick Sirianni,Mike McCarthy,,26.0,60.0,4.0,-1.0,264.6,2.2,109.2,0.6,264.6,2.2,2.0,2.4,2.8,0.8,2.0,0.4,37.8,0.0,17.0,8.2,4.0,216.0,1.0,175.8,1.4,216.0,1.0,1.6,1.0,2.0,0.2,0.8,0.2,43.0,0.0,23.4,8.6,6.0,6.0,Lincoln Financial Field,"Philadelphia, PA",100.0,1,9,6,0
11,1029,2021,18,Titans,Texans,401326590,0,David Culley,Mike Vrabel,,73.0,85.0,7.0,2.0,153.2,0.8,163.2,1.2,129.2,0.4,2.4,1.0,2.4,0.0,1.2,0.0,42.0,0.0,12.2,4.8,-1.0,210.2,1.2,99.4,0.4,210.2,1.2,0.6,0.8,1.2,0.4,0.6,0.2,72.0,0.2,12.0,6.2,7.0,6.0,NRG Stadium,"Houston, TX",93.0,1,9,6,1
12,1030,2021,14,Bills,Buccaneers,401326534,1,Bruce Arians,Sean McDermott,cloudy,81.0,69.0,6.0,-1.0,252.6,1.8,102.8,0.8,252.6,1.8,1.6,1.2,1.0,0.0,1.0,0.0,61.6,0.0,16.6,5.4,3.0,301.4,2.6,83.4,1.0,301.4,2.6,0.4,1.2,3.2,0.0,0.8,0.0,39.8,0.0,9.4,7.2,5.0,7.0,Raymond James Stadium,"Tampa, FL",100.0,12,12,6,0
13,1031,2021,14,Bears,Packers,401326535,1,Matt LaFleur,Matt Nagy,cloudy,37.0,56.0,10.0,-1.0,258.4,1.4,116.8,0.6,258.4,1.4,1.6,1.4,2.4,0.2,0.2,0.0,83.2,0.0,10.2,6.4,1.0,271.6,1.8,113.2,0.8,271.6,1.8,2.0,2.0,2.0,0.2,1.0,0.2,26.2,0.0,11.2,6.2,7.0,14.0,Lambeau Field,"Green Bay, WI",97.0,12,13,0,1
14,1032,2021,14,Rams,Cardinals,401326536,0,Kliff Kingsbury,Sean McVay,cloudy,65.0,37.0,3.0,1.0,289.2,2.2,101.4,0.6,289.2,2.2,0.6,0.8,2.4,0.0,0.4,0.0,60.4,0.0,4.4,8.6,2.0,230.0,1.0,106.8,2.0,230.0,1.0,2.2,2.2,2.6,0.0,1.2,0.0,64.0,0.0,12.0,5.6,8.0,8.0,State Farm Stadium,"Glendale, AZ",98.0,12,14,1,0
15,1033,2021,18,Colts,Jaguars,401326591,1,Darrell Bevell,Frank Reich,,77.0,57.0,13.0,-1.0,178.8,1.6,163.8,1.2,178.8,1.6,1.0,0.4,1.8,0.2,1.2,0.0,34.2,0.0,11.8,7.8,-8.0,209.8,0.2,77.6,0.6,209.8,0.2,1.0,0.4,1.4,0.0,0.2,0.0,37.4,0.0,11.2,4.8,7.0,7.0,TIAA Bank Field,"Jacksonville, FL",89.0,1,9,6,0
16,1034,2021,18,Washington,Giants,401326594,0,Joe Judge,Ron Rivera,rain,36.0,70.0,14.0,-4.0,200.0,1.0,90.8,0.8,200.0,1.0,1.2,0.8,2.6,0.2,0.6,0.2,38.0,0.0,8.6,4.4,-5.0,,,,,,,,,,,,,,,,,7.0,,MetLife Stadium,"East Rutherford, NJ",85.0,1,9,6,0
17,1035,2021,18,Bears,Vikings,401326593,1,Mike Zimmer,Matt Nagy,indoor,,59.0,14.0,2.0,232.2,1.4,107.8,1.0,232.2,1.4,1.8,1.4,2.8,0.2,0.6,0.0,70.8,0.0,34.6,6.2,-2.0,230.4,1.6,113.4,0.8,230.4,1.6,1.0,1.6,2.2,0.0,1.0,0.0,43.6,0.0,14.0,8.2,7.0,6.0,U.S. Bank Stadium,"Minneapolis, MN",100.0,1,9,6,0
18,1036,2021,18,Packers,Lions,401326589,1,Dan Campbell,Matt LaFleur,indoor,68.0,70.0,,5.0,285.0,2.8,118.0,1.0,285.0,2.8,0.8,1.2,2.4,0.4,1.4,0.4,38.8,0.0,14.0,9.4,-2.0,239.4,2.0,113.8,0.4,239.4,2.0,1.0,0.8,2.0,0.0,0.2,0.0,29.2,0.0,7.8,8.0,6.0,6.0,Ford Field,"Detroit, MI",88.0,1,9,6,0
19,1037,2021,18,Steelers,Ravens,401326586,0,John Harbaugh,Mike Tomlin,cloudy,,38.0,,1.0,201.8,1.4,109.2,0.6,201.8,1.4,1.0,1.2,4.4,0.0,1.2,0.0,41.4,0.0,28.8,7.8,-5.0,251.2,1.2,114.4,1.0,251.2,1.2,1.2,0.6,1.6,0.2,0.6,0.2,60.6,0.0,2.4,7.8,5.0,7.0,M&T Bank Stadium,"Baltimore, MD",100.0,1,9,6,0
20,1038,2021,18,Chiefs,Broncos,401326598,0,Vic Fangio,Andy Reid,cloudy,44.0,46.0,8.0,-1.0,273.8,2.0,117.8,1.6,273.8,2.0,1.0,2.4,2.2,0.4,1.0,0.2,34.2,0.0,16.4,9.8,-3.0,204.2,1.0,114.4,0.8,204.2,1.0,0.8,0.8,1.6,0.0,0.6,0.0,12.4,0.0,8.2,5.8,6.0,6.0,Empower Field at Mile High,"Denver, CO",100.0,1,8,5,0
21,1039,2021,15,Patriots,Colts,401326540,1,Frank Reich,Bill Belichick,,36.0,81.0,6.0,7.0,191.6,1.6,159.2,1.0,191.6,1.6,1.0,1.4,2.8,0.4,1.8,0.4,30.6,0.0,16.4,10.4,1.0,204.4,1.6,199.2,2.4,204.4,1.6,1.4,1.6,2.4,0.2,1.2,0.0,51.4,0.0,17.4,9.0,12.0,13.0,Lucas Oil Stadium,"Indianapolis, IN",100.0,12,19,6,1
22,1040,2021,17,Vikings,Packers,401326583,1,Matt LaFleur,Mike Zimmer,,11.0,61.0,8.0,-1.0,244.0,1.8,121.4,1.0,244.0,1.8,1.4,1.8,2.6,0.2,1.2,0.0,64.2,0.2,14.0,7.8,4.0,300.6,3.2,102.2,0.6,300.6,3.2,1.0,1.4,2.4,0.4,1.4,0.4,35.4,0.0,7.4,8.2,7.0,8.0,Lambeau Field,"Green Bay, WI",96.0,1,3,0,1
23,1041,2021,15,Cardinals,Lions,401326544,1,Dan Campbell,Kliff Kingsbury,indoor,68.0,70.0,,-1.0,251.8,1.0,112.6,1.8,251.8,1.0,2.0,2.2,3.0,0.0,1.2,0.0,52.0,0.0,9.2,7.2,-1.0,196.2,1.2,103.8,0.4,196.2,1.2,1.8,1.0,1.2,0.0,0.6,0.0,59.6,0.0,6.6,4.2,5.0,6.0,Ford Field,"Detroit, MI",70.0,12,19,6,0
24,1042,2021,15,Jets,Dolphins,401326541,1,Brian Flores,Robert Saleh,sunny,79.0,80.0,9.0,-2.0,146.8,0.6,69.8,0.6,202.2,0.8,0.6,0.2,1.9,0.0,0.6,0.0,96.2,0.0,19.4,3.4,5.0,261.0,1.2,80.2,1.0,261.0,1.2,2.0,1.8,3.8,0.4,1.6,0.0,19.4,0.0,14.8,7.6,7.0,14.0,Hard Rock Stadium,"Miami Gardens, FL",100.0,12,19,6,1
25,1043,2021,15,Cowboys,Giants,401326546,0,Joe Judge,Mike McCarthy,cloudy,4.0,45.0,17.0,2.0,271.4,1.2,105.6,1.0,271.4,1.2,1.0,1.2,3.0,0.8,1.8,0.2,51.6,0.2,18.2,8.6,-2.0,171.4,1.0,102.2,0.2,171.4,1.0,0.8,0.4,1.4,0.2,1.2,0.2,20.2,0.0,11.4,6.4,7.0,6.0,MetLife Stadium,"East Rutherford, NJ",94.0,12,19,6,0
26,1044,2021,15,Titans,Steelers,401326547,1,Mike Tomlin,Mike Vrabel,cloudy,34.0,63.0,10.0,1.0,192.6,0.8,122.0,1.2,192.6,0.8,2.2,1.6,2.8,0.2,1.2,0.2,61.0,0.0,10.6,5.0,-1.0,257.0,2.2,80.4,0.6,257.0,2.2,1.0,0.8,2.8,0.0,1.2,0.0,56.8,0.0,14.4,7.2,7.0,9.0,Acrisure Stadium,"Pittsburgh, PA",87.0,12,19,6,1
27,1045,2021,17,Raiders,Colts,401326573,0,Frank Reich,Rich Bisaccia,cloudy,28.0,83.0,6.0,2.0,264.4,0.8,104.2,0.8,264.4,0.8,2.4,1.0,1.4,0.0,0.2,0.0,35.2,0.0,16.6,9.0,3.0,170.4,1.6,192.2,1.8,170.4,1.6,1.0,0.8,1.6,0.2,1.4,0.0,40.6,0.0,13.2,8.4,6.0,7.0,Lucas Oil Stadium,"Indianapolis, IN",100.0,1,2,6,0
28,1046,2021,15,Texans,Jaguars,401326545,0,Darrell Bevell,David Culley,,76.0,82.0,9.0,-3.0,186.0,0.6,79.8,0.4,186.0,0.6,0.8,1.4,2.2,0.0,1.4,0.0,45.2,0.0,5.0,5.6,-5.0,182.8,0.2,88.6,0.8,182.8,0.2,2.0,0.8,1.8,0.0,0.2,0.0,53.2,0.0,11.8,2.8,7.0,7.0,TIAA Bank Field,"Jacksonville, FL",89.0,12,19,6,0
29,1047,2021,15,Bengals,Broncos,401326548,0,Vic Fangio,Zac Taylor,sunny,61.0,10.0,8.0,-2.0,254.8,1.0,119.8,1.8,212.8,0.6,2.4,1.8,2.4,0.2,0.8,0.2,47.0,0.0,14.8,6.6,1.0,213.2,1.0,154.2,1.6,213.2,1.0,1.0,1.0,2.0,0.2,1.2,0.2,15.0,0.0,12.0,6.4,6.0,7.0,Empower Field at Mile High,"Denver, CO",100.0,12,19,6,1
30,1048,2021,15,Falcons,49ers,401326549,1,Kyle Shanahan,Arthur Smith,,52.0,71.0,5.0,1.0,193.2,0.4,108.2,0.8,193.2,0.4,1.4,1.6,1.0,0.4,1.0,0.4,55.6,0.0,6.4,4.4,1.0,236.6,1.8,141.2,1.4,236.6,1.8,0.8,2.0,3.0,0.2,0.8,0.2,31.0,0.0,7.4,8.4,7.0,6.0,Levi's Stadium,"Santa Clara, CA",100.0,12,19,6,1
31,1049,2021,15,Packers,Ravens,401326543,0,John Harbaugh,Matt LaFleur,sunny,43.0,48.0,12.0,2.0,303.0,2.2,106.8,0.8,303.0,2.2,1.8,2.0,2.0,0.4,1.0,0.4,27.4,0.0,14.4,6.8,-2.0,199.4,0.6,93.8,0.6,216.2,0.6,1.2,0.6,2.0,0.0,0.2,0.0,37.2,0.0,15.2,6.2,6.0,7.0,M&T Bank Stadium,"Baltimore, MD",100.0,12,19,6,0
32,1050,2021,15,Saints,Buccaneers,401326551,0,Bruce Arians,Sean Payton,cloudy,75.0,91.0,2.0,1.0,225.0,1.6,119.0,1.0,225.0,1.6,1.2,0.8,2.2,0.0,0.6,0.0,49.8,0.0,27.2,5.0,4.0,299.0,2.2,96.6,1.4,299.0,2.2,0.4,1.4,3.6,0.0,1.0,0.0,44.2,0.0,8.6,8.4,7.0,7.0,Raymond James Stadium,"Tampa, FL",100.0,12,20,0,0
33,1051,2021,15,Raiders,Browns,401326539,0,Kevin Stefanski,Rich Bisaccia,,43.0,50.0,12.0,-2.0,272.2,1.0,77.0,0.6,272.2,1.0,1.6,0.8,1.6,0.0,0.2,0.0,49.2,0.0,13.8,7.8,1.0,197.0,1.4,115.2,0.6,197.0,1.4,1.8,1.8,2.6,0.4,1.6,0.2,50.6,0.0,5.6,4.6,8.0,8.0,FirstEnergy Stadium,"Cleveland, OH",100.0,12,20,0,0
34,1052,2021,17,Dolphins,Titans,401326577,1,Mike Vrabel,Brian Flores,cloudy,36.0,96.0,11.0,7.0,228.2,1.6,112.6,1.0,228.2,1.6,1.6,1.6,4.8,0.4,1.2,0.2,14.6,0.0,9.4,7.6,1.0,193.8,0.6,153.2,1.0,193.8,0.6,3.0,1.6,2.0,0.0,1.2,0.0,59.6,0.0,16.2,5.0,5.0,9.0,Nissan Stadium,"Nashville, TN",100.0,1,2,6,1
35,1053,2021,17,Chiefs,Bengals,401326571,1,Zac Taylor,Andy Reid,cloudy,33.0,85.0,9.0,8.0,274.0,1.6,112.0,1.6,274.0,1.6,1.2,2.6,2.4,0.4,1.4,0.2,33.4,0.0,11.8,9.8,2.0,304.0,1.8,109.0,1.2,262.0,1.4,1.0,1.0,2.4,0.2,0.8,0.2,34.4,0.0,16.0,7.0,6.0,7.0,Paycor Stadium,"Cincinnati, OH",98.0,1,2,6,0
36,1054,2021,17,Giants,Bears,401326570,1,Matt Nagy,Joe Judge,cloudy,24.0,75.0,13.0,-4.0,175.8,0.8,100.8,0.2,175.8,0.8,0.8,0.6,1.8,0.0,0.6,0.0,21.8,0.0,9.4,5.4,1.0,261.0,1.4,104.0,0.6,261.0,1.4,2.0,1.4,2.2,0.2,0.2,0.0,78.2,0.0,42.2,6.4,7.0,6.0,Soldier Field,"Chicago, IL",97.0,1,2,6,1
37,1055,2021,15,Vikings,Bears,401326552,0,Matt Nagy,Mike Zimmer,,38.0,63.0,7.0,1.0,290.6,2.2,120.4,1.2,290.6,2.2,1.2,0.8,2.8,0.2,0.8,0.0,58.4,0.2,26.2,8.0,-2.0,268.2,1.6,109.0,0.4,268.2,1.6,1.4,1.2,3.0,0.4,0.2,0.0,77.6,0.0,36.4,6.8,10.0,7.0,Soldier Field,"Chicago, IL",98.0,12,21,1,0
38,1056,2021,15,Seahawks,Rams,401326550,1,Sean McVay,Pete Carroll,sunny,61.0,57.0,6.0,2.0,221.2,1.2,106.8,1.0,221.2,1.2,1.6,1.2,1.4,0.0,0.8,0.0,73.8,0.0,8.0,3.8,2.0,284.6,2.2,86.2,0.2,284.6,2.2,0.8,1.0,2.2,0.0,0.6,0.0,64.2,0.0,4.0,9.4,9.0,7.0,SoFi Stadium,"Inglewood, CA",100.0,12,22,2,1
39,1057,2021,15,Washington,Eagles,401326542,1,Nick Sirianni,Ron Rivera,cloudy,38.0,59.0,4.0,-1.0,211.2,1.6,129.6,0.8,211.2,1.6,1.6,0.8,1.8,0.2,0.8,0.2,41.8,0.0,9.4,5.6,1.0,171.6,1.0,205.4,1.4,171.6,1.0,1.6,1.4,0.8,0.4,0.6,0.2,38.0,0.0,18.0,10.0,9.0,16.0,Lincoln Financial Field,"Philadelphia, PA",100.0,12,22,2,1
40,1058,2021,16,Chargers,Texans,401326559,1,David Culley,Brandon Staley,cloudy,77.0,87.0,9.0,-1.0,302.6,2.6,130.8,1.2,302.6,2.6,0.6,0.8,2.6,0.2,1.0,0.0,49.6,0.0,3.4,7.6,1.0,179.8,1.0,80.2,0.4,179.8,1.0,0.6,0.8,2.0,0.2,1.0,0.0,65.8,0.2,10.8,6.2,9.0,7.0,NRG Stadium,"Houston, TX",91.0,12,26,6,1
41,1059,2021,16,Bears,Seahawks,401326564,0,Pete Carroll,Matt Nagy,snow,25.0,83.0,14.0,-3.0,267.0,1.6,104.8,0.2,267.0,1.6,2.0,1.2,3.0,0.2,0.4,0.0,62.8,0.0,37.4,5.6,-1.0,220.2,1.2,107.8,1.2,220.2,1.2,1.6,1.2,2.0,0.0,0.8,0.0,58.0,0.0,10.8,4.6,5.0,4.0,Lumen Field,"Seattle, WA",100.0,12,26,6,0
42,1060,2021,16,Steelers,Chiefs,401326565,1,Andy Reid,Mike Tomlin,,57.0,64.0,23.0,1.0,245.6,1.8,66.4,0.6,245.6,1.8,0.8,1.2,3.0,0.0,1.2,0.0,56.4,0.0,16.6,7.6,7.0,306.8,2.0,105.4,1.4,306.8,2.0,1.0,2.0,2.4,0.4,1.4,0.2,36.2,0.0,17.4,9.6,7.0,9.0,GEHA Field at Arrowhead Stadium,"Kansas City, MO",100.0,12,26,6,1
43,1061,2021,17,Falcons,Bills,401326569,1,Sean McDermott,Arthur Smith,snow,25.0,89.0,9.0,1.0,225.6,0.8,101.4,1.0,225.6,0.8,1.6,1.4,0.4,0.4,1.0,0.4,68.2,0.0,9.2,6.8,2.0,247.4,2.6,123.6,0.6,247.4,2.6,0.6,0.6,1.8,0.0,0.8,0.0,30.8,0.0,26.2,7.2,7.0,7.0,Highmark Stadium,"Orchard Park, NY",91.0,1,2,6,1
44,1062,2021,15,Panthers,Bills,401326538,1,Sean McDermott,Matt Rhule,cloudy,29.0,71.0,8.0,-3.0,193.6,0.8,102.0,1.2,193.6,0.8,1.6,2.2,2.2,0.0,0.4,0.0,33.0,0.0,7.2,6.0,-2.0,261.4,2.2,123.0,1.0,261.4,2.2,1.2,1.0,1.0,0.0,1.0,0.0,41.6,0.0,18.4,6.0,7.0,6.0,Highmark Stadium,"Orchard Park, NY",91.0,12,19,6,1
45,1063,2021,17,Jaguars,Patriots,401326574,1,Bill Belichick,Darrell Bevell,cloudy,46.0,95.0,5.0,-7.0,216.8,0.2,89.8,0.6,216.8,0.2,1.6,0.8,1.6,0.0,0.4,0.0,34.6,0.0,16.4,5.2,-2.0,196.0,1.0,138.2,1.0,196.0,1.0,1.0,1.4,1.8,0.2,1.2,0.2,24.6,0.0,8.2,9.0,7.0,7.0,Gillette Stadium,"Foxboro, MA",100.0,1,2,6,1
46,1064,2021,16,Buccaneers,Panthers,401326557,0,Matt Rhule,Bruce Arians,sunny,73.0,41.0,5.0,-1.0,297.8,1.8,109.6,1.4,297.8,1.8,0.6,1.2,3.0,0.0,1.0,0.0,36.8,0.0,14.0,7.0,-4.0,190.4,1.0,116.6,1.4,190.4,1.0,1.6,2.0,2.6,0.0,0.4,0.0,38.4,0.0,9.6,4.8,6.0,7.0,Bank of America Stadium,"Charlotte, NC",97.0,12,26,6,0
47,1065,2021,16,Giants,Eagles,401326563,1,Nick Sirianni,Joe Judge,,5.0,57.0,9.0,-3.0,185.6,0.8,97.2,0.2,185.6,0.8,0.8,0.4,1.8,0.0,0.8,0.0,14.2,0.0,6.2,5.4,2.0,198.4,1.0,217.8,1.4,198.4,1.0,1.8,1.4,1.2,0.4,0.6,0.2,43.0,0.0,22.4,10.6,7.0,4.0,Lincoln Financial Field,"Philadelphia, PA",100.0,12,26,6,1
48,1066,2021,1,Vikings,Bengals,401326316,1,Zac Taylor,Mike Zimmer,sunny,84.0,48.0,10.0,0.0,299.4,2.4,136.0,1.2,299.4,2.4,1.8,0.8,0.8,0.0,1.2,0.0,40.0,0.0,11.2,5.2,0.0,184.6,1.0,121.8,0.8,184.6,1.0,0.6,0.8,0.8,0.0,0.4,0.0,25.8,0.0,12.6,5.4,251.0,251.0,Paycor Stadium,"Cincinnati, OH",86.0,9,12,6,0
49,1067,2021,16,Dolphins,Saints,401326568,0,Sean Payton,Brian Flores,fair,75.0,68.0,5.0,6.0,251.4,1.4,107.4,1.2,251.4,1.4,1.8,2.0,4.0,0.4,1.0,0.0,10.0,0.0,9.6,8.0,2.0,194.0,1.2,114.0,0.8,194.0,1.2,1.2,1.0,2.6,0.0,0.8,0.0,24.4,0.0,34.0,6.2,8.0,7.0,Caesars Superdome,"New Orleans, LA",95.0,12,28,1,0
50,1068,2021,16,Lions,Falcons,401326556,1,Arthur Smith,Dan Campbell,cloudy,7.0,69.0,4.0,1.0,195.0,1.8,117.6,0.2,195.0,1.8,1.4,0.6,1.6,0.0,0.8,0.0,37.8,0.0,9.2,6.6,-1.0,214.2,0.6,100.0,0.8,214.2,0.6,1.4,1.4,1.0,0.4,1.0,0.4,76.2,0.0,8.8,5.2,7.0,6.0,Mercedes-Benz Stadium,"Atlanta, GA",92.0,12,26,6,1
51,1069,2021,16,Washington,Cowboys,401326567,1,Mike McCarthy,Ron Rivera,,,,,-2.0,198.8,1.4,123.4,0.8,198.8,1.4,1.8,1.4,2.4,0.2,0.6,0.2,45.8,0.0,7.4,4.4,3.0,251.4,1.0,107.8,0.6,251.4,1.0,1.4,1.8,2.8,0.6,1.8,0.2,55.8,0.2,14.4,9.4,5.0,7.0,AT&T Stadium,"Arlington, TX",93.0,12,27,0,1
52,1070,2021,16,Broncos,Raiders,401326566,1,Rich Bisaccia,Vic Fangio,sunny,56.0,26.0,14.0,-1.0,200.6,1.0,142.8,1.2,200.6,1.0,1.2,0.8,2.2,0.2,1.0,0.2,10.2,0.0,15.4,5.2,1.0,267.2,0.8,86.6,0.6,267.2,0.8,2.4,1.4,1.6,0.0,0.2,0.0,40.8,0.0,20.0,9.4,7.0,5.0,Allegiant Stadium,"Las Vegas, NV",94.0,12,26,6,1
53,1071,2021,17,Lions,Seahawks,401326582,1,Pete Carroll,Dan Campbell,rain,39.0,74.0,10.0,-1.0,221.2,2.0,110.0,0.0,221.2,2.0,1.4,0.8,2.0,0.0,0.4,0.0,31.2,0.0,9.6,7.8,-2.0,215.0,1.6,124.6,1.2,215.0,1.6,1.2,0.8,2.4,0.0,0.8,0.0,72.4,0.0,12.0,4.4,7.0,7.0,Lumen Field,"Seattle, WA",99.0,1,2,6,1
54,1072,2021,17,Panthers,Saints,401326575,1,Sean Payton,Matt Rhule,cloudy,6.0,77.0,14.0,-5.0,205.6,0.8,96.8,1.0,205.6,0.8,1.4,1.8,1.8,0.0,0.2,0.0,48.4,0.0,9.6,3.2,-1.0,178.2,0.6,108.8,0.6,178.2,0.6,0.8,0.6,2.6,0.0,1.0,0.0,17.4,0.0,33.6,5.8,7.0,5.0,Caesars Superdome,"New Orleans, LA",95.0,1,2,6,1
55,1073,2021,17,Cardinals,Cowboys,401326572,0,Mike McCarthy,Kliff Kingsbury,,,,,-3.0,278.4,1.2,114.6,1.2,278.4,1.2,2.0,2.0,2.8,0.0,0.8,0.0,55.4,0.0,17.2,7.0,4.0,288.2,2.0,113.0,0.8,288.2,2.0,1.4,2.0,3.2,1.0,2.0,0.4,52.0,0.2,17.2,9.2,7.0,6.0,AT&T Stadium,"Arlington, TX",93.0,1,2,6,1
56,1074,2021,16,Ravens,Bengals,401326558,1,Zac Taylor,John Harbaugh,sunny,53.0,53.0,5.0,-3.0,194.8,0.8,103.6,1.0,211.6,0.8,0.8,0.4,1.8,0.0,0.2,0.0,54.0,0.0,13.4,6.6,1.0,228.6,1.2,125.4,1.4,186.6,0.8,1.6,1.4,2.6,0.2,0.8,0.2,36.8,0.0,14.8,7.6,6.0,6.0,Paycor Stadium,"Cincinnati, OH",98.0,12,26,6,1
57,1075,2021,16,Rams,Vikings,401326560,0,Mike Zimmer,Sean McVay,indoor,23.0,73.0,8.0,3.0,274.6,2.4,92.0,0.2,274.6,2.4,0.8,1.0,2.2,0.0,0.6,0.0,66.6,0.0,2.6,9.0,2.0,249.2,2.2,126.2,1.0,249.2,2.2,1.2,1.6,3.0,0.2,0.6,0.0,64.0,0.2,15.6,7.2,4.0,5.0,U.S. Bank Stadium,"Minneapolis, MN",100.0,12,26,6,0
58,1076,2021,17,Browns,Steelers,401326584,1,Mike Tomlin,Kevin Stefanski,cloudy,27.0,61.0,7.0,-2.0,196.4,1.4,126.4,0.6,196.4,1.4,1.0,1.2,1.6,0.2,1.4,0.0,37.6,0.0,14.0,3.4,-1.0,229.8,1.4,81.4,0.4,229.8,1.4,1.0,1.0,3.0,0.0,1.0,0.0,56.0,0.0,20.6,5.8,9.0,8.0,Acrisure Stadium,"Pittsburgh, PA",93.0,1,4,1,1
59,1077,2021,16,Bills,Patriots,401326561,0,Bill Belichick,Sean McDermott,cloudy,37.0,72.0,11.0,1.0,230.2,2.4,119.0,0.4,230.2,2.4,1.0,0.8,1.6,0.0,0.4,0.0,48.6,0.0,19.4,5.6,-1.0,223.6,1.8,145.2,0.8,223.6,1.8,0.8,1.2,2.8,0.2,1.4,0.2,28.6,0.0,8.2,10.2,7.0,7.0,Gillette Stadium,"Foxboro, MA",100.0,12,26,6,0
60,1078,2021,16,Browns,Packers,401326554,1,Matt LaFleur,Kevin Stefanski,cloudy,35.0,49.0,10.0,-1.0,182.8,1.2,102.4,0.4,182.8,1.2,1.4,1.4,2.0,0.2,1.4,0.0,53.2,0.0,8.8,2.8,3.0,318.6,2.6,101.6,1.0,318.6,2.6,1.2,1.6,2.0,0.4,1.0,0.4,33.0,0.0,11.4,8.0,4.0,6.0,Lambeau Field,"Green Bay, WI",96.0,12,25,5,1
61,1079,2021,17,Texans,49ers,401326580,1,Kyle Shanahan,David Culley,,64.0,44.0,5.0,2.0,209.2,1.4,101.4,0.4,209.2,1.4,0.4,0.6,1.8,0.4,0.6,0.2,62.4,0.2,8.8,6.4,-1.0,276.4,1.4,124.8,1.8,276.4,1.4,1.6,2.2,3.4,0.0,0.4,0.0,24.6,0.0,11.2,7.0,7.0,9.0,Levi's Stadium,"Santa Clara, CA",100.0,1,2,6,1
62,1080,2021,17,Broncos,Chargers,401326579,1,Brandon Staley,Vic Fangio,sunny,62.0,25.0,6.0,-2.0,186.0,1.0,127.2,1.2,186.0,1.0,0.8,1.0,2.2,0.2,1.0,0.2,13.8,0.0,10.0,5.2,-2.0,293.4,2.2,116.8,1.2,293.4,2.2,0.8,0.8,2.2,0.2,1.0,0.0,61.6,0.0,3.6,7.2,6.0,7.0,SoFi Stadium,"Inglewood, CA",98.0,1,2,6,1
63,1081,2021,17,Rams,Ravens,401326581,0,John Harbaugh,Sean McVay,cloudy,62.0,89.0,7.0,4.0,265.0,2.4,113.4,0.4,265.0,2.4,1.0,1.2,2.6,0.2,0.8,0.0,51.4,0.0,17.6,10.6,-4.0,211.8,1.2,86.8,1.0,228.6,1.2,1.0,0.6,1.8,0.0,0.2,0.0,56.2,0.0,9.6,5.2,7.0,7.0,M&T Bank Stadium,"Baltimore, MD",99.0,1,2,6,0
64,1082,2021,17,Eagles,Washington,401326578,0,Ron Rivera,Nick Sirianni,cloudy,6.0,90.0,5.0,3.0,202.6,1.0,200.6,1.6,202.6,1.0,1.8,1.2,1.4,0.4,1.0,0.4,49.0,0.0,30.6,10.2,-3.0,195.2,1.2,102.4,0.8,195.2,1.2,1.4,1.2,2.8,0.2,0.6,0.2,35.2,0.0,10.2,3.0,7.0,6.0,FedExField,"Landover, MD",76.0,1,2,6,0
65,1083,2021,1,Steelers,Bills,401326308,0,Sean McDermott,Mike Tomlin,cloudy,73.0,79.0,16.0,0.0,264.0,2.0,52.2,0.4,264.0,2.0,1.4,0.4,3.0,0.0,0.4,0.0,46.2,0.0,14.2,5.0,0.0,340.8,3.2,115.0,1.2,340.8,3.2,1.6,0.4,1.6,0.8,1.4,0.4,60.2,0.0,30.6,9.2,251.0,251.0,Highmark Stadium,"Orchard Park, NY",97.0,9,12,6,1
66,1084,2021,1,Eagles,Falcons,401326315,0,Arthur Smith,Nick Sirianni,fair,81.0,63.0,3.0,0.0,230.8,1.2,149.8,1.2,230.8,1.2,2.0,0.6,2.6,0.0,1.0,0.0,53.6,0.0,23.0,3.8,0.0,291.4,2.0,78.8,0.2,291.4,2.0,1.8,0.2,1.4,0.0,0.8,0.0,15.0,0.0,11.2,7.0,251.0,251.0,Mercedes-Benz Stadium,"Atlanta, GA",92.0,9,12,6,0
67,1085,2021,17,Buccaneers,Jets,401326576,0,Robert Saleh,Bruce Arians,cloudy,57.0,83.0,10.0,1.0,280.6,1.6,122.6,1.6,280.6,1.6,0.6,1.0,4.0,0.0,0.8,0.0,27.6,0.0,21.0,7.4,1.0,83.4,0.2,110.4,1.0,138.8,0.4,0.4,0.4,1.9,0.4,0.6,0.2,107.0,0.2,19.2,4.2,7.0,7.0,MetLife Stadium,"East Rutherford, NJ",88.0,1,2,6,0
68,1086,2021,16,49ers,Titans,401326553,1,Mike Vrabel,Kyle Shanahan,,54.0,33.0,6.0,2.0,247.2,1.6,142.4,1.8,247.2,1.6,1.2,2.4,3.2,0.0,0.4,0.0,29.8,0.0,9.0,8.4,-1.0,194.6,0.6,148.4,1.0,194.6,0.6,3.2,2.0,2.4,0.0,0.8,0.0,59.0,0.0,18.0,5.6,4.0,4.0,Nissan Stadium,"Nashville, TN",100.0,12,24,4,1
69,1087,2021,16,Jaguars,Jets,401326562,1,Robert Saleh,Darrell Bevell,sunny,48.0,47.0,12.0,-6.0,192.4,0.2,74.2,0.6,192.4,0.2,1.6,0.6,1.8,0.0,0.4,0.0,40.2,0.0,15.6,4.2,-3.0,121.2,0.4,76.2,0.8,176.6,0.6,0.6,0.2,1.7,0.2,0.8,0.2,79.0,0.0,22.4,3.6,7.0,7.0,MetLife Stadium,"East Rutherford, NJ",81.0,12,26,6,1
70,1088,2021,16,Colts,Cardinals,401326555,0,Kliff Kingsbury,Frank Reich,,,,,2.0,161.4,1.2,192.4,2.0,161.4,1.2,1.0,1.0,2.2,0.4,1.4,0.0,51.8,0.0,15.4,9.0,-2.0,258.0,1.0,101.0,1.2,258.0,1.0,2.0,2.0,2.4,0.0,1.0,0.0,50.2,0.0,12.4,7.0,7.0,6.0,State Farm Stadium,"Glendale, AZ",98.0,12,26,6,0
71,1089,2021,1,Cowboys,Buccaneers,401326322,1,Bruce Arians,Mike McCarthy,cloudy,81.0,90.0,5.0,0.0,262.2,1.8,111.6,0.8,262.2,1.8,0.0,1.4,1.8,0.4,1.2,0.0,83.8,0.2,6.0,10.8,0.0,364.2,3.4,87.6,1.0,364.2,3.4,0.4,1.0,3.2,0.0,0.2,0.0,33.4,0.0,11.6,8.0,249.0,249.0,Raymond James Stadium,"Tampa, FL",100.0,9,10,4,1
72,1090,2021,5,Colts,Ravens,401326409,1,John Harbaugh,Frank Reich,cloudy,69.0,78.0,4.0,1.0,221.8,1.2,144.2,0.8,221.8,1.2,0.8,1.4,2.8,0.2,0.6,0.0,36.4,0.0,9.2,8.2,3.0,239.6,1.4,212.4,1.6,239.6,1.4,1.2,1.0,2.0,0.0,1.0,0.0,0.0,0.0,39.8,9.4,8.0,8.0,M&T Bank Stadium,"Baltimore, MD",100.0,10,12,1,1
73,1091,2021,14,Giants,Chargers,401326533,1,Brandon Staley,Joe Judge,sunny,64.0,27.0,5.0,-1.0,181.4,1.0,89.6,0.0,181.4,1.0,1.0,1.0,1.4,0.2,1.4,0.2,24.0,0.0,11.4,7.2,1.0,310.6,2.2,96.2,1.0,310.6,2.2,0.4,0.6,2.6,0.2,0.6,0.0,50.8,0.0,10.0,7.2,7.0,7.0,SoFi Stadium,"Inglewood, CA",98.0,12,12,6,1
74,1092,2021,4,Lions,Bears,401326382,1,Matt Nagy,Dan Campbell,cloudy,72.0,82.0,3.0,-7.0,249.2,1.6,103.8,1.0,249.2,1.6,0.8,0.6,2.6,0.0,0.2,0.0,52.8,0.0,24.2,4.2,-1.0,183.4,0.6,107.8,1.2,183.4,0.6,1.4,0.8,2.6,0.2,1.0,0.2,57.2,0.0,6.4,7.4,7.0,7.0,Soldier Field,"Chicago, IL",100.0,10,3,6,0
75,1093,2021,18,Panthers,Buccaneers,401326596,1,Bruce Arians,Matt Rhule,cloudy,82.0,56.0,6.0,-6.0,194.2,0.4,92.2,1.0,194.2,0.4,1.4,1.4,1.6,0.0,0.2,0.0,47.8,0.0,7.6,3.4,2.0,317.4,2.0,106.6,0.8,317.4,2.0,0.4,0.6,3.6,0.0,0.4,0.0,15.8,0.0,21.0,7.4,7.0,7.0,Raymond James Stadium,"Tampa, FL",99.0,1,9,6,1
76,1094,2021,4,Panthers,Cowboys,401326383,1,Mike McCarthy,Matt Rhule,,82.0,48.0,,3.0,271.2,0.8,100.8,1.4,271.2,0.8,1.6,1.2,3.8,0.2,1.0,0.0,18.4,0.0,17.8,4.8,2.0,299.6,1.8,135.4,1.2,299.6,1.8,0.8,1.4,1.8,0.2,1.8,0.2,26.4,0.0,6.2,10.0,9.0,5.0,AT&T Stadium,"Arlington, TX",93.0,10,3,6,1
77,1095,2021,4,Colts,Dolphins,401326384,0,Brian Flores,Frank Reich,cloudy,85.0,54.0,10.0,-3.0,230.2,1.0,141.8,1.0,230.2,1.0,0.8,1.0,2.4,0.2,0.6,0.0,48.2,0.0,22.0,7.6,-2.0,213.2,0.6,91.4,0.8,253.6,0.8,1.4,1.4,1.6,0.2,0.8,0.2,9.2,0.0,9.4,6.0,7.0,6.0,Hard Rock Stadium,"Miami Gardens, FL",100.0,10,3,6,0
78,1096,2021,4,Browns,Vikings,401326385,0,Mike Zimmer,Kevin Stefanski,indoor,65.0,66.0,11.0,2.0,252.2,0.6,152.2,2.4,252.2,0.6,1.6,0.6,3.0,0.0,0.4,0.0,50.6,0.0,29.2,6.8,1.0,325.0,2.8,119.8,1.0,325.0,2.8,1.6,0.8,2.2,0.2,1.0,0.2,38.0,0.0,10.4,7.4,7.0,6.0,U.S. Bank Stadium,"Minneapolis, MN",100.0,10,3,6,0
79,1097,2021,8,Giants,Chiefs,401326450,1,Andy Reid,Joe Judge,,39.0,86.0,3.0,1.0,284.6,0.8,83.8,1.0,284.6,0.8,1.8,1.8,2.6,0.0,1.0,0.0,48.6,0.0,16.2,7.0,-1.0,299.0,2.4,138.4,0.6,299.0,2.4,2.0,0.8,1.0,0.0,0.4,0.0,50.8,0.0,12.6,6.0,8.0,8.0,GEHA Field at Arrowhead Stadium,"Kansas City, MO",100.0,11,2,1,1
80,1098,2021,8,Cowboys,Vikings,401326449,0,Mike Zimmer,Mike McCarthy,indoor,41.0,50.0,13.0,5.0,286.4,2.6,185.2,1.2,286.4,2.6,1.6,1.2,2.2,0.6,1.8,0.6,31.8,0.0,5.8,8.8,2.0,283.6,2.2,140.0,0.2,283.6,2.2,1.6,1.4,3.2,0.2,0.8,0.2,44.8,0.0,8.0,9.0,14.0,14.0,U.S. Bank Stadium,"Minneapolis, MN",100.0,11,1,0,0
81,1099,2021,8,Buccaneers,Saints,401326448,1,Sean Payton,Bruce Arians,sunny,72.0,48.0,4.0,4.0,335.2,2.4,112.0,1.4,335.2,2.4,0.8,1.2,2.8,0.0,1.2,0.0,17.6,0.0,16.0,8.0,2.0,195.0,1.6,110.4,1.0,195.0,1.6,0.6,0.2,2.2,0.2,1.4,0.2,57.8,0.0,13.0,3.6,7.0,5.0,Caesars Superdome,"New Orleans, LA",95.0,10,31,6,1
82,1100,2021,8,Washington,Broncos,401326447,1,Vic Fangio,Ron Rivera,cloudy,4.0,63.0,6.0,-3.0,240.0,1.4,124.0,0.8,240.0,1.4,1.4,1.4,1.8,0.2,0.6,0.0,78.0,0.2,3.2,5.6,-4.0,244.4,1.6,97.0,0.4,244.4,1.6,0.4,0.2,2.4,0.0,0.4,0.0,39.6,0.0,16.0,6.0,7.0,9.0,Empower Field at Mile High,"Denver, CO",100.0,10,31,6,1
83,1101,2021,8,Jaguars,Seahawks,401326446,1,Pete Carroll,Urban Meyer,,54.0,49.0,3.0,1.0,249.2,1.2,114.4,1.2,249.2,1.2,0.8,0.0,1.6,0.2,0.2,0.0,57.4,0.2,0.6,3.8,-3.0,221.2,1.4,78.4,0.6,206.8,1.4,1.0,1.4,1.2,0.0,0.4,0.0,34.2,0.0,12.6,5.2,14.0,5.0,Lumen Field,"Seattle, WA",98.0,10,31,6,1
84,1102,2021,4,Giants,Saints,401326386,0,Sean Payton,Joe Judge,cloudy,81.0,81.0,3.0,-3.0,252.6,1.0,100.4,0.8,252.6,1.0,1.2,1.0,2.4,0.0,0.4,0.0,47.0,0.0,18.2,7.2,1.0,182.0,2.0,156.2,2.0,182.0,2.0,0.4,0.2,2.2,0.2,2.2,0.2,52.6,0.0,15.0,6.4,7.0,7.0,Caesars Superdome,"New Orleans, LA",95.0,10,3,6,1
85,1103,2021,4,Titans,Jets,401326387,1,Robert Saleh,Mike Vrabel,sunny,78.0,47.0,10.0,2.0,219.8,1.2,184.4,1.8,219.8,1.2,1.4,0.2,2.4,0.0,0.6,0.0,61.2,0.0,15.2,6.8,-4.0,222.4,1.2,96.4,0.2,222.4,1.2,0.2,1.0,2.6,0.0,0.0,0.0,42.8,0.0,8.4,2.6,7.0,6.0,MetLife Stadium,"East Rutherford, NJ",85.0,10,3,6,0
86,1104,2021,4,Chiefs,Eagles,401326388,0,Nick Sirianni,Andy Reid,cloudy,73.0,74.0,4.0,-2.0,287.2,2.6,97.8,0.6,287.2,2.6,1.4,1.0,2.2,0.2,0.6,0.2,68.8,0.0,9.4,5.6,-2.0,248.2,1.2,131.4,1.0,248.2,1.2,1.6,0.8,2.4,0.2,0.6,0.0,23.6,0.0,12.6,3.8,7.0,5.0,Lincoln Financial Field,"Philadelphia, PA",100.0,10,3,6,0
87,1105,2021,8,Patriots,Chargers,401326445,0,Brandon Staley,Bill Belichick,,64.0,69.0,5.0,1.0,292.2,1.8,88.4,1.4,292.2,1.8,0.6,0.6,1.8,0.0,0.6,0.0,38.8,0.0,22.6,8.0,-1.0,286.8,2.6,95.6,0.8,286.8,2.6,0.6,0.6,2.4,0.0,1.2,0.0,42.4,0.0,7.6,4.0,7.0,14.0,SoFi Stadium,"Inglewood, CA",98.0,10,31,6,0
88,1106,2021,8,Rams,Texans,401326442,0,David Culley,Sean McVay,,73.0,59.0,4.0,3.0,314.6,2.8,98.6,0.6,314.6,2.8,0.8,0.6,2.8,0.0,1.4,0.0,37.4,0.0,12.0,8.4,-6.0,189.0,0.8,64.6,0.0,189.0,0.8,1.4,0.8,2.2,0.0,0.6,0.0,65.4,0.0,13.4,2.6,6.0,6.0,NRG Stadium,"Houston, TX",92.0,10,31,6,0
89,1107,2021,8,Bengals,Jets,401326444,1,Robert Saleh,Zac Taylor,cloudy,64.0,64.0,11.0,2.0,299.0,2.8,106.0,0.8,299.0,2.8,0.4,0.2,2.6,0.0,0.8,0.0,43.6,0.0,13.2,7.0,-2.0,222.4,0.6,77.4,0.8,222.4,0.6,1.0,1.4,2.6,0.0,0.0,0.0,86.0,0.0,7.6,4.4,7.0,7.0,MetLife Stadium,"East Rutherford, NJ",82.0,10,31,6,0
90,1108,2021,8,Titans,Colts,401326443,0,Frank Reich,Mike Vrabel,sunny,56.0,79.0,5.0,3.0,236.6,1.4,158.0,1.8,236.6,1.4,0.4,0.8,2.4,0.2,0.8,0.0,36.0,0.0,17.6,8.2,2.0,239.4,1.6,134.2,1.4,239.4,1.6,1.4,2.0,2.0,0.0,1.2,0.0,39.0,0.0,8.4,7.8,7.0,6.0,Lucas Oil Stadium,"Indianapolis, IN",94.0,10,31,6,0
91,1109,2021,8,Eagles,Lions,401326441,0,Dan Campbell,Nick Sirianni,indoor,68.0,70.0,,-2.0,252.4,1.4,98.6,1.2,252.4,1.4,1.4,0.4,1.6,0.2,1.2,0.0,30.6,0.0,5.2,5.2,-11.0,241.2,0.6,92.8,0.8,241.2,0.6,0.8,0.4,2.0,0.0,0.8,0.0,42.0,0.0,15.8,6.4,6.0,6.0,Ford Field,"Detroit, MI",73.0,10,31,6,0
92,1110,2021,8,Steelers,Browns,401326440,0,Kevin Stefanski,Mike Tomlin,sunny,56.0,76.0,19.0,2.0,257.2,1.2,73.6,0.6,257.2,1.2,1.0,1.0,2.0,0.2,0.4,0.0,49.6,0.0,10.8,6.8,1.0,229.0,1.2,176.8,1.2,229.0,1.2,0.6,0.4,3.4,0.0,0.4,0.0,43.0,0.0,37.4,7.4,13.0,9.0,FirstEnergy Stadium,"Cleveland, OH",100.0,10,31,6,1
93,1111,2021,4,Cardinals,Rams,401326389,0,Sean McVay,Kliff Kingsbury,sunny,89.0,19.0,3.0,3.0,225.6,1.6,82.0,0.6,246.6,1.6,1.2,1.2,2.6,0.0,0.4,0.0,21.2,0.0,14.6,5.0,4.0,281.4,1.8,95.8,0.4,281.4,1.8,1.0,0.6,3.6,0.2,0.8,0.2,39.0,0.0,4.0,9.6,7.0,6.0,SoFi Stadium,"Inglewood, CA",98.0,10,3,6,1
94,1112,2021,8,49ers,Bears,401326439,0,Matt Nagy,Kyle Shanahan,sunny,52.0,69.0,13.0,-4.0,228.2,1.4,118.0,1.0,228.2,1.4,1.6,1.2,1.8,0.0,0.0,0.0,56.8,0.0,19.0,4.0,-2.0,150.8,0.4,132.0,1.0,150.8,0.4,1.6,1.6,3.0,0.0,0.2,0.0,61.4,0.0,14.4,5.0,6.0,6.0,Soldier Field,"Chicago, IL",99.0,10,31,6,0
95,1113,2021,4,Texans,Bills,401326381,1,Sean McDermott,David Culley,rain,,67.0,,-2.0,279.0,2.2,109.2,1.0,279.0,2.2,1.8,1.0,1.6,0.0,0.8,0.0,63.0,0.0,3.0,8.0,2.0,308.0,3.0,118.0,1.4,308.0,3.0,1.4,1.0,2.6,0.4,1.2,0.2,44.8,0.0,33.8,8.8,9.0,7.0,Highmark Stadium,"Orchard Park, NY",95.0,10,3,6,1
96,1114,2021,8,Dolphins,Bills,401326438,1,Sean McDermott,Brian Flores,cloudy,51.0,89.0,9.0,-6.0,266.8,2.0,83.2,0.4,266.8,2.0,1.4,1.4,2.0,0.2,0.4,0.2,16.4,0.0,11.2,6.0,-1.0,290.8,2.8,129.8,1.2,245.8,2.4,1.0,1.2,2.2,0.2,1.6,0.2,16.2,0.0,14.4,7.4,7.0,12.0,Highmark Stadium,"Orchard Park, NY",97.0,10,31,6,1
97,1115,2021,4,Washington,Falcons,401326380,0,Arthur Smith,Ron Rivera,cloudy,76.0,76.0,6.0,-1.0,227.2,1.6,100.4,0.4,227.2,1.6,1.8,0.8,2.6,0.0,0.8,0.0,45.0,0.0,8.4,8.0,1.0,254.4,1.6,93.0,0.4,254.4,1.6,2.2,0.8,1.4,0.0,0.6,0.0,43.6,0.0,9.2,5.4,7.0,7.0,Mercedes-Benz Stadium,"Atlanta, GA",91.0,10,3,6,0
98,1116,2021,9,Browns,Bengals,401326454,0,Zac Taylor,Kevin Stefanski,sunny,6.0,43.0,4.0,-1.0,224.8,1.0,153.0,1.2,224.8,1.0,0.8,0.4,2.0,0.0,0.4,0.0,45.0,0.0,17.0,5.4,-1.0,325.6,2.8,95.0,1.0,325.6,2.8,0.6,0.6,2.2,0.0,0.8,0.0,36.6,0.0,11.4,7.2,7.0,7.0,Paycor Stadium,"Cincinnati, OH",100.0,11,7,6,1
99,1117,2021,10,Buccaneers,Washington,401326472,1,Ron Rivera,Bruce Arians,cloudy,47.0,44.0,9.0,-1.0,323.8,3.0,119.2,1.0,323.8,3.0,0.6,1.0,2.8,0.0,1.2,0.0,11.4,0.0,18.0,7.4,-4.0,251.6,1.2,130.8,0.6,251.6,1.2,1.4,1.8,2.6,0.2,0.6,0.0,71.4,0.2,5.6,5.8,13.0,13.0,FedExField,"Landover, MD",77.0,11,14,6,0
100,1118,2021,10,Bills,Jets,401326469,0,Robert Saleh,Sean McDermott,cloudy,48.0,54.0,6.0,-1.0,285.8,2.0,111.6,0.6,240.8,1.6,1.2,1.0,1.6,0.2,1.2,0.2,49.4,0.0,7.6,6.6,-1.0,315.2,2.0,75.4,1.0,315.2,2.0,1.4,1.2,2.4,0.0,0.2,0.0,84.0,0.0,9.6,6.0,7.0,9.0,MetLife Stadium,"East Rutherford, NJ",94.0,11,14,6,0
101,1119,2021,10,Browns,Patriots,401326468,1,Bill Belichick,Kevin Stefanski,cloudy,48.0,50.0,7.0,1.0,237.4,1.4,146.8,1.4,237.4,1.4,1.2,1.0,2.6,0.2,0.6,0.2,42.0,0.0,12.8,6.4,3.0,245.4,1.4,137.4,1.8,245.4,1.4,1.2,1.0,1.8,0.4,1.6,0.4,45.0,0.0,37.6,9.4,7.0,7.0,Gillette Stadium,"Foxboro, MA",100.0,11,14,6,1
102,1120,2021,10,Jaguars,Colts,401326467,1,Frank Reich,Urban Meyer,cloudy,36.0,98.0,6.0,1.0,237.0,0.6,116.4,1.2,237.0,0.6,0.8,0.2,2.2,0.0,0.6,0.0,49.6,0.0,6.2,5.0,1.0,255.6,2.4,157.6,1.8,255.6,2.4,1.8,2.0,2.2,0.0,1.4,0.0,51.0,0.0,16.0,7.2,7.0,9.0,Lucas Oil Stadium,"Indianapolis, IN",96.0,11,14,6,1
103,1121,2021,10,Saints,Titans,401326471,1,Mike Vrabel,Sean Payton,cloudy,55.0,42.0,12.0,-1.0,246.6,2.0,124.6,1.0,246.6,2.0,1.0,0.6,2.4,0.2,1.0,0.2,54.0,0.0,20.4,6.4,5.0,219.2,1.4,119.0,2.0,219.2,1.4,0.2,1.0,3.0,0.6,1.4,0.4,39.8,0.0,6.4,8.0,7.0,6.0,Nissan Stadium,"Nashville, TN",100.0,11,14,6,1
104,1122,2021,10,Falcons,Cowboys,401326466,1,Mike McCarthy,Arthur Smith,,66.0,43.0,,1.0,290.0,2.2,79.0,0.6,290.0,2.2,1.6,1.0,1.0,0.0,0.6,0.0,51.2,0.0,12.6,8.6,-1.0,309.8,2.8,144.8,0.4,309.8,2.8,1.8,1.0,2.4,0.4,1.0,0.4,39.8,0.0,4.0,7.8,7.0,7.0,AT&T Stadium,"Arlington, TX",93.0,11,14,6,1
105,1123,2021,10,Ravens,Dolphins,401326465,1,Brian Flores,John Harbaugh,cloudy,77.0,84.0,7.0,1.0,297.4,2.0,147.4,1.2,297.4,2.0,0.8,0.6,2.0,0.0,0.6,0.0,50.0,0.0,31.8,7.8,1.0,273.8,1.8,72.6,0.4,273.8,1.8,1.4,1.0,2.0,0.0,0.8,0.0,27.8,0.0,11.8,5.0,4.0,4.0,Hard Rock Stadium,"Miami Gardens, FL",100.0,11,12,4,0
106,1124,2021,9,Bears,Steelers,401326464,1,Mike Tomlin,Matt Nagy,,55.0,50.0,6.0,-3.0,172.2,0.6,158.0,1.2,172.2,0.6,2.0,1.8,2.0,0.0,0.2,0.0,73.6,0.0,13.6,5.8,3.0,272.8,1.2,81.6,0.8,272.8,1.2,1.0,1.0,2.2,0.0,0.4,0.0,58.4,0.0,15.6,5.2,8.0,8.0,Acrisure Stadium,"Pittsburgh, PA",89.0,11,9,1,1
107,1125,2021,9,Titans,Rams,401326463,0,Sean McVay,Mike Vrabel,cloudy,59.0,80.0,6.0,4.0,250.2,1.4,140.6,1.8,250.2,1.4,0.4,1.2,2.2,0.4,1.2,0.2,29.8,0.0,13.0,9.2,4.0,308.0,2.6,116.4,1.0,308.0,2.6,0.6,0.4,3.2,0.0,1.6,0.0,39.0,0.0,10.6,8.0,7.0,7.0,SoFi Stadium,"Inglewood, CA",100.0,11,8,0,1
108,1126,2021,9,Cardinals,49ers,401326462,0,Kyle Shanahan,Kliff Kingsbury,cloudy,62.0,36.0,11.0,-1.0,254.2,2.0,140.0,1.4,254.2,2.0,2.4,2.6,2.0,0.0,0.6,0.0,22.8,0.0,12.2,8.2,1.0,254.8,1.2,123.6,1.4,254.8,1.2,1.2,1.0,2.2,0.0,0.2,0.0,60.4,0.0,22.0,5.6,9.0,7.0,Levi's Stadium,"Santa Clara, CA",86.0,11,7,6,0
109,1127,2021,9,Packers,Chiefs,401326461,1,Andy Reid,Matt LaFleur,,72.0,41.0,14.0,7.0,249.0,2.2,125.2,0.6,249.0,2.2,1.0,1.0,3.0,0.0,1.4,0.0,19.8,0.0,7.4,8.0,1.0,302.0,2.0,122.6,0.8,302.0,2.0,2.0,1.0,1.4,0.0,0.6,0.0,44.8,0.0,11.2,6.4,9.0,5.0,GEHA Field at Arrowhead Stadium,"Kansas City, MO",100.0,11,7,6,1
110,1128,2021,9,Chargers,Eagles,401326460,0,Nick Sirianni,Brandon Staley,cloudy,52.0,47.0,4.0,-2.0,263.8,2.8,109.2,1.0,263.8,2.8,0.6,0.8,2.2,0.0,1.0,0.0,56.6,0.0,7.8,3.4,1.0,210.0,1.0,133.0,2.0,210.0,1.0,1.4,0.4,2.0,0.2,1.2,0.0,34.8,0.0,8.0,7.4,7.0,7.0,Lincoln Financial Field,"Philadelphia, PA",100.0,11,7,6,1
111,1129,2021,9,Vikings,Ravens,401326452,1,John Harbaugh,Mike Zimmer,cloudy,58.0,41.0,8.0,-1.0,271.6,1.8,124.8,0.2,271.6,1.8,1.4,1.6,3.2,0.0,0.6,0.0,40.4,0.0,5.2,9.2,-1.0,301.6,1.6,121.2,1.0,301.6,1.6,1.0,0.8,2.4,0.0,0.6,0.0,45.2,0.0,37.4,8.4,6.0,14.0,M&T Bank Stadium,"Baltimore, MD",100.0,11,7,6,1
112,1130,2021,9,Bills,Jaguars,401326456,1,Urban Meyer,Sean McDermott,cloudy,58.0,80.0,14.0,1.0,304.8,2.8,121.6,0.8,259.8,2.4,0.8,1.0,1.4,0.2,1.6,0.2,23.6,0.0,12.8,8.0,-1.0,230.4,0.8,115.6,1.2,230.4,0.8,0.6,0.0,2.0,0.2,0.2,0.0,73.6,0.2,3.8,3.4,7.0,6.0,TIAA Bank Field,"Jacksonville, FL",93.0,11,7,6,0
113,1131,2021,4,Jaguars,Bengals,401326379,1,Zac Taylor,Urban Meyer,,7.0,53.0,5.0,-18.0,229.6,2.0,68.4,0.0,229.6,2.0,0.8,0.0,1.2,0.2,0.6,0.0,59.4,0.2,3.8,2.6,1.0,211.8,1.8,126.0,0.6,211.8,1.8,0.2,0.4,2.2,0.0,0.8,0.0,35.2,0.0,22.0,7.2,4.0,4.0,Paycor Stadium,"Cincinnati, OH",96.0,10,1,4,1
114,1132,2021,9,Patriots,Panthers,401326453,0,Matt Rhule,Bill Belichick,sunny,61.0,44.0,15.0,2.0,281.6,1.6,107.0,1.6,281.6,1.6,0.8,0.6,1.8,0.2,1.0,0.2,44.0,0.0,32.6,9.2,1.0,191.8,0.8,119.8,0.8,191.8,0.8,0.6,0.4,1.4,0.2,0.6,0.0,26.6,0.0,11.6,7.6,6.0,7.0,Bank of America Stadium,"Charlotte, NC",98.0,11,7,6,0
115,1133,2021,9,Raiders,Giants,401326459,1,Joe Judge,Rich Bisaccia,fair,54.0,38.0,5.0,2.0,290.4,1.6,92.8,1.2,290.4,1.6,1.0,1.4,2.6,0.0,0.6,0.0,28.6,0.0,13.2,7.0,-1.0,279.6,1.2,78.2,0.8,279.6,1.2,1.6,1.8,2.4,0.0,1.2,0.0,58.0,0.0,9.0,6.8,13.0,5.0,MetLife Stadium,"East Rutherford, NJ",90.0,11,7,6,0
116,1134,2021,9,Falcons,Saints,401326458,0,Sean Payton,Arthur Smith,sunny,63.0,45.0,6.0,-1.0,270.0,2.2,86.0,0.4,270.0,2.2,1.4,0.6,1.2,0.0,0.6,0.0,48.2,0.0,17.4,7.8,3.0,215.8,2.0,131.2,1.0,215.8,2.0,0.8,0.6,2.4,0.4,1.6,0.4,37.0,0.0,15.4,5.8,7.0,6.0,Caesars Superdome,"New Orleans, LA",95.0,11,7,6,1
117,1135,2021,9,Texans,Dolphins,401326457,1,Brian Flores,David Culley,,72.0,56.0,15.0,-7.0,217.4,1.0,65.0,0.2,217.4,1.0,1.4,0.6,1.8,0.0,0.6,0.0,62.8,0.0,14.4,2.4,-7.0,264.8,2.0,70.2,0.2,264.8,2.0,1.4,1.2,1.4,0.0,0.2,0.0,18.4,0.0,8.2,5.0,7.0,7.0,Hard Rock Stadium,"Miami Gardens, FL",93.0,11,7,6,1
118,1136,2021,9,Broncos,Cowboys,401326455,0,Mike McCarthy,Vic Fangio,,66.0,68.0,,1.0,240.0,1.8,89.6,0.2,240.0,1.8,0.4,0.2,2.4,0.0,0.4,0.0,39.6,0.0,15.8,4.2,6.0,311.0,3.0,161.2,0.8,311.0,3.0,1.8,1.0,2.0,0.6,1.4,0.6,22.0,0.0,6.6,8.8,6.0,6.0,AT&T Stadium,"Arlington, TX",94.0,11,7,6,1
119,1137,2021,9,Jets,Colts,401326451,1,Frank Reich,Robert Saleh,cloudy,44.0,54.0,2.0,1.0,264.8,1.2,66.4,1.0,264.8,1.2,1.2,1.4,2.6,0.0,0.2,0.0,78.8,0.0,9.6,4.8,-1.0,246.8,2.2,133.4,1.4,246.8,2.2,1.6,1.8,2.4,0.0,1.2,0.0,47.6,0.0,13.8,7.2,4.0,4.0,Lucas Oil Stadium,"Indianapolis, IN",95.0,11,5,4,1
120,1138,2021,10,Panthers,Cardinals,401326473,0,Kliff Kingsbury,Matt Rhule,,,,,-1.0,166.0,0.4,112.8,0.4,166.0,0.4,1.0,1.0,1.8,0.2,0.8,0.0,35.2,0.0,12.4,8.0,1.0,257.0,1.8,129.4,1.6,257.0,1.8,2.4,3.0,3.0,0.0,0.6,0.0,38.6,0.0,12.6,7.0,7.0,6.0,State Farm Stadium,"Glendale, AZ",96.0,11,14,6,1
121,1139,2021,8,Panthers,Falcons,401326437,0,Arthur Smith,Matt Rhule,cloudy,58.0,66.0,12.0,-4.0,226.8,0.8,102.6,1.2,226.8,0.8,0.8,0.8,1.6,0.2,0.2,0.0,26.6,0.0,15.0,6.2,2.0,300.8,2.4,80.6,0.6,300.8,2.4,1.4,0.6,1.8,0.0,0.6,0.0,60.4,0.0,15.4,7.4,7.0,7.0,Mercedes-Benz Stadium,"Atlanta, GA",91.0,10,31,6,1
122,1140,2021,4,Ravens,Broncos,401326391,0,Vic Fangio,John Harbaugh,sunny,76.0,12.0,9.0,2.0,213.0,1.6,241.8,1.6,213.0,1.6,1.4,1.0,2.2,0.0,0.8,0.0,7.8,0.0,34.2,9.0,3.0,286.0,1.2,127.2,1.0,286.0,1.2,0.6,0.8,2.6,0.0,1.2,0.0,25.4,0.0,29.4,11.0,7.0,7.0,Empower Field at Mile High,"Denver, CO",100.0,10,3,6,0
123,1141,2021,6,Rams,Giants,401326416,0,Joe Judge,Sean McVay,cloudy,61.0,56.0,13.0,1.0,317.4,2.4,98.0,0.8,317.4,2.4,1.0,0.6,2.8,0.0,1.0,0.0,28.6,0.0,4.8,9.0,-1.0,295.6,1.0,95.8,1.0,295.6,1.0,1.4,1.6,1.6,0.0,0.6,0.0,32.2,0.0,15.8,7.8,9.0,6.0,MetLife Stadium,"East Rutherford, NJ",90.0,10,17,6,0
124,1142,2021,6,Texans,Colts,401326415,1,Frank Reich,David Culley,sunny,58.0,50.0,10.0,-4.0,217.0,1.6,79.8,0.6,217.0,1.6,1.6,1.2,1.6,0.0,1.2,0.0,64.4,0.0,6.0,4.6,-1.0,269.4,1.4,114.2,0.6,269.4,1.4,0.8,1.4,2.0,0.2,0.6,0.0,41.0,0.0,7.2,8.0,7.0,5.0,Lucas Oil Stadium,"Indianapolis, IN",92.0,10,17,6,1
125,1143,2021,6,Bengals,Lions,401326414,0,Dan Campbell,Zac Taylor,indoor,68.0,70.0,,-1.0,253.8,2.2,99.0,0.6,253.8,2.2,0.2,0.2,2.6,0.0,0.8,0.0,56.2,0.0,17.6,5.6,-9.0,260.6,1.4,103.0,0.8,260.6,1.4,1.2,1.0,2.2,0.0,0.6,0.0,40.6,0.0,12.8,5.2,7.0,7.0,Ford Field,"Detroit, MI",79.0,10,17,6,0
126,1144,2021,6,Packers,Bears,401326413,0,Matt Nagy,Matt LaFleur,sunny,62.0,39.0,5.0,4.0,261.8,2.0,100.6,0.6,227.2,1.8,0.6,0.6,1.8,0.0,0.8,0.0,34.6,0.0,6.4,7.4,2.0,145.6,0.4,126.8,1.2,145.6,0.4,1.0,1.2,3.6,0.2,0.8,0.2,62.6,0.0,10.2,6.0,7.0,6.0,Soldier Field,"Chicago, IL",100.0,10,17,6,0
127,1145,2021,6,Dolphins,Jaguars,401326325,1,Urban Meyer,Brian Flores,cloudy,61.0,78.0,7.0,-4.0,174.2,0.8,66.2,0.4,214.6,1.0,1.8,1.4,1.6,0.2,0.4,0.2,9.2,0.0,8.2,3.6,-20.0,237.6,1.4,108.2,1.0,237.6,1.4,0.8,0.0,1.6,0.2,0.2,0.0,55.8,0.2,3.8,2.0,6.0,6.0,Tottenham Hotspur Stadium,London,98.0,10,17,6,1
128,1146,2021,6,Buccaneers,Eagles,401326410,0,Nick Sirianni,Bruce Arians,cloudy,7.0,64.0,5.0,2.0,361.6,3.0,82.0,0.8,361.6,3.0,1.2,0.6,2.0,0.4,1.2,0.4,44.4,0.0,7.4,8.2,1.0,273.0,1.4,116.4,1.0,273.0,1.4,1.4,1.0,2.2,0.2,0.8,0.0,32.8,0.0,10.4,6.2,4.0,4.0,Lincoln Financial Field,"Philadelphia, PA",100.0,10,15,4,1
129,1147,2021,5,Rams,Seahawks,401326395,0,Pete Carroll,Sean McVay,sunny,61.0,48.0,7.0,-1.0,290.6,2.2,96.4,0.4,290.6,2.2,1.0,0.6,3.2,0.2,0.8,0.2,26.6,0.0,2.6,9.4,1.0,245.0,2.2,109.8,1.2,245.0,2.2,0.8,1.4,2.4,0.0,0.2,0.0,24.8,0.0,8.0,5.4,4.0,4.0,Lumen Field,"Seattle, WA",100.0,10,8,4,0
130,1148,2021,5,Jets,Falcons,401326324,1,Arthur Smith,Robert Saleh,cloudy,63.0,79.0,7.0,1.0,238.2,1.0,83.4,0.4,238.2,1.0,0.8,1.2,3.2,0.0,0.0,0.0,51.0,0.0,10.6,3.4,-1.0,251.0,2.0,94.8,0.4,251.0,2.0,1.6,0.8,1.6,0.0,0.2,0.0,59.2,0.0,10.4,6.2,6.0,6.0,Tottenham Hotspur Stadium,London,98.0,10,10,6,1
131,1149,2021,5,Packers,Bengals,401326397,0,Zac Taylor,Matt LaFleur,sunny,8.0,57.0,8.0,3.0,241.0,2.4,89.8,0.8,206.4,2.2,0.8,0.8,1.4,0.0,0.6,0.0,47.2,0.0,6.0,5.8,2.0,207.2,1.8,107.8,0.4,207.2,1.8,0.2,0.2,2.2,0.0,0.8,0.0,39.0,0.0,22.4,5.8,6.0,9.0,Paycor Stadium,"Cincinnati, OH",98.0,10,10,6,1
132,1150,2021,5,Lions,Vikings,401326400,1,Mike Zimmer,Dan Campbell,indoor,66.0,69.0,12.0,-8.0,278.6,2.0,107.2,1.0,278.6,2.0,1.2,0.8,2.4,0.0,0.4,0.0,62.4,0.0,14.4,4.4,-1.0,307.4,2.4,114.8,0.6,307.4,2.4,1.2,0.8,2.8,0.2,0.6,0.2,43.2,0.0,12.6,7.0,7.0,7.0,U.S. Bank Stadium,"Minneapolis, MN",100.0,10,10,6,1
133,1151,2021,5,Broncos,Steelers,401326401,1,Mike Tomlin,Vic Fangio,sunny,73.0,63.0,8.0,-1.0,268.8,1.4,121.8,0.8,268.8,1.4,0.6,0.8,2.8,0.0,1.2,0.0,10.4,0.0,24.6,9.2,-3.0,270.0,1.2,61.2,0.4,270.0,1.2,0.8,1.0,2.4,0.2,0.2,0.0,53.2,0.0,11.4,7.0,6.0,6.0,Acrisure Stadium,"Pittsburgh, PA",87.0,10,10,6,1
134,1152,2021,5,Dolphins,Buccaneers,401326402,1,Bruce Arians,Brian Flores,cloudy,84.0,60.0,6.0,-3.0,197.8,0.6,72.4,0.8,238.2,0.8,2.0,1.6,1.4,0.2,0.8,0.2,9.2,0.0,10.6,4.2,1.0,351.0,2.8,76.6,0.8,351.0,2.8,1.2,0.8,1.6,0.4,1.0,0.4,54.6,0.0,7.4,9.2,7.0,6.0,Raymond James Stadium,"Tampa, FL",100.0,10,10,6,1
135,1153,2021,5,Saints,Washington,401326403,0,Ron Rivera,Sean Payton,cloudy,68.0,85.0,9.0,-1.0,165.2,2.2,137.4,1.0,165.2,2.2,0.4,0.2,1.8,0.2,2.4,0.2,45.8,0.0,13.4,5.0,1.0,227.0,2.0,103.2,0.6,227.0,2.0,1.4,0.6,2.0,0.2,0.6,0.0,71.0,0.2,9.6,7.4,7.0,7.0,FedExField,"Landover, MD",74.0,10,10,6,0
136,1154,2021,5,Eagles,Panthers,401326396,0,Matt Rhule,Nick Sirianni,sunny,77.0,62.0,11.0,-3.0,257.2,1.4,121.8,1.0,257.2,1.4,1.2,1.0,2.2,0.2,0.6,0.0,23.6,0.0,9.6,5.2,-1.0,292.0,1.0,100.8,1.6,292.0,1.0,1.2,0.6,3.2,0.0,0.6,0.0,12.6,0.0,17.8,5.2,7.0,7.0,Bank of America Stadium,"Charlotte, NC",98.0,10,10,6,0
137,1155,2021,5,Titans,Jaguars,401326399,0,Urban Meyer,Mike Vrabel,cloudy,78.0,72.0,13.0,-1.0,255.2,1.2,188.6,1.8,255.2,1.2,1.4,0.4,2.4,0.0,0.6,0.0,32.2,0.0,24.0,8.4,-19.0,225.2,1.6,83.8,0.6,225.2,1.6,0.6,0.0,1.2,0.2,0.4,0.0,61.0,0.2,3.8,2.8,7.0,9.0,TIAA Bank Field,"Jacksonville, FL",86.0,10,10,6,0
138,1156,2021,5,Patriots,Texans,401326398,0,David Culley,Bill Belichick,cloudy,85.0,81.0,15.0,-2.0,223.0,1.4,92.0,0.6,223.0,1.4,0.8,0.2,2.2,0.0,1.2,0.0,34.4,0.0,17.6,6.4,-3.0,231.6,1.6,85.6,0.8,231.6,1.6,1.4,1.2,1.8,0.0,1.0,0.0,69.4,0.0,4.2,6.6,6.0,7.0,NRG Stadium,"Houston, TX",95.0,10,10,6,0
139,1157,2021,5,Bears,Raiders,401326405,0,Jon Gruden,Matt Nagy,sunny,73.0,21.0,5.0,1.0,172.2,0.2,119.8,1.2,172.2,0.2,1.0,1.4,3.2,0.2,0.6,0.2,59.4,0.0,2.6,6.4,-1.0,354.0,2.0,85.6,1.0,354.0,2.0,1.8,1.6,2.2,0.0,0.2,0.0,32.6,0.0,18.8,8.4,7.0,5.0,Allegiant Stadium,"Las Vegas, NV",91.0,10,10,6,1
140,1158,2021,5,Browns,Chargers,401326404,1,Brandon Staley,Kevin Stefanski,sunny,76.0,39.0,4.0,3.0,226.2,0.6,180.0,2.2,226.2,0.6,1.0,0.6,3.0,0.0,0.6,0.0,40.0,0.0,31.6,7.2,2.0,296.0,2.4,113.0,0.8,296.0,2.4,0.6,1.0,2.0,0.0,0.8,0.0,26.4,0.0,5.8,5.8,7.0,5.0,SoFi Stadium,"Inglewood, CA",98.0,10,10,6,0
141,1159,2021,5,Giants,Cowboys,401326407,1,Mike McCarthy,Joe Judge,,,,,1.0,282.6,1.2,106.2,1.0,282.6,1.2,1.6,1.2,2.4,0.0,0.6,0.0,34.0,0.0,22.2,7.2,3.0,261.8,2.0,154.2,1.2,261.8,2.0,1.0,1.4,2.2,0.2,1.8,0.2,29.2,0.0,5.0,8.6,7.0,7.0,AT&T Stadium,"Arlington, TX",93.0,10,10,6,1
142,1160,2021,5,49ers,Cardinals,401326406,1,Kliff Kingsbury,Kyle Shanahan,,,,,-2.0,272.0,1.8,108.8,1.2,272.0,1.8,1.6,0.4,2.2,0.2,0.2,0.2,52.8,0.0,24.4,6.4,4.0,229.8,2.0,101.2,0.8,250.8,2.0,1.0,1.2,2.0,0.0,0.6,0.0,18.8,0.0,14.6,6.4,7.0,7.0,State Farm Stadium,"Glendale, AZ",96.0,10,10,6,0
143,1161,2021,5,Bills,Chiefs,401326408,0,Andy Reid,Sean McDermott,,71.0,61.0,10.0,3.0,288.8,2.6,128.2,1.4,243.8,2.2,1.6,1.2,2.4,0.4,1.6,0.2,35.0,0.0,28.8,7.2,1.0,287.2,3.2,114.4,0.8,287.2,3.2,1.6,1.0,2.0,0.2,0.6,0.2,86.4,0.0,5.4,5.8,7.0,7.0,GEHA Field at Arrowhead Stadium,"Kansas City, MO",100.0,10,11,0,0
144,1162,2021,6,Chiefs,Washington,401326417,0,Ron Rivera,Andy Reid,sunny,62.0,44.0,15.0,-1.0,298.0,3.2,128.2,0.6,298.0,3.2,1.4,0.6,1.4,0.2,0.6,0.2,71.6,0.0,5.4,6.8,-1.0,244.2,1.6,108.8,1.0,244.2,1.6,1.0,0.6,1.8,0.2,0.4,0.0,76.2,0.2,7.6,7.8,6.0,7.0,FedExField,"Landover, MD",76.0,10,17,6,0
145,1163,2021,4,Seahawks,49ers,401326390,0,Kyle Shanahan,Pete Carroll,cloudy,88.0,28.0,10.0,-2.0,260.2,2.0,107.8,1.0,260.2,2.0,0.2,0.6,2.6,0.0,0.2,0.0,25.4,0.0,8.2,6.2,-1.0,244.0,1.8,125.6,1.2,244.0,1.8,1.6,0.6,2.2,0.2,0.4,0.2,55.8,0.0,18.8,6.6,6.0,6.0,Levi's Stadium,"Santa Clara, CA",100.0,10,3,6,1
146,1164,2021,6,Vikings,Panthers,401326412,0,Matt Rhule,Mike Zimmer,sunny,63.0,36.0,8.0,1.0,281.4,2.0,113.8,0.2,281.4,2.0,1.0,0.6,3.4,0.2,0.6,0.2,35.4,0.0,9.0,8.2,-2.0,273.2,1.2,107.8,1.4,273.2,1.2,0.8,0.8,3.2,0.0,0.8,0.0,22.4,0.0,24.0,7.0,7.0,7.0,Bank of America Stadium,"Charlotte, NC",98.0,10,17,6,0
147,1165,2021,6,Cardinals,Browns,401326418,0,Kevin Stefanski,Kliff Kingsbury,cloudy,58.0,60.0,23.0,5.0,239.2,2.0,110.4,1.0,260.2,2.0,1.6,1.6,2.0,0.0,0.6,0.0,13.2,0.0,16.4,7.2,-1.0,248.0,0.8,187.6,2.4,248.0,0.8,1.2,1.0,3.2,0.0,0.4,0.0,37.8,0.0,34.2,8.0,6.0,7.0,FirstEnergy Stadium,"Cleveland, OH",100.0,10,17,6,0
148,1166,2021,8,Packers,Cardinals,401326436,0,Kliff Kingsbury,Matt LaFleur,sunny,86.0,15.0,7.0,6.0,264.4,2.2,115.0,0.6,264.4,2.2,0.8,0.8,3.4,0.0,1.2,0.0,21.4,0.0,6.2,9.2,7.0,199.4,2.0,125.8,0.8,220.4,2.0,2.2,2.6,2.0,0.0,0.6,0.0,10.8,0.0,14.8,7.6,4.0,4.0,State Farm Stadium,"Glendale, AZ",98.0,10,29,4,0
149,1167,2021,4,Steelers,Packers,401326392,1,Matt LaFleur,Mike Tomlin,cloudy,67.0,87.0,5.0,-2.0,291.8,1.6,53.2,0.4,291.8,1.6,0.8,1.0,2.8,0.2,0.4,0.0,48.6,0.0,12.8,6.8,2.0,237.6,2.8,110.4,1.0,203.0,2.6,0.8,0.6,1.4,0.0,0.8,0.0,44.8,0.0,6.0,4.8,7.0,6.0,Lambeau Field,"Green Bay, WI",97.0,10,3,6,1
150,1168,2021,4,Buccaneers,Patriots,401326393,0,Bill Belichick,Bruce Arians,rain,61.0,91.0,5.0,-1.0,395.4,4.0,74.8,0.8,395.4,4.0,1.4,0.8,1.6,0.4,1.0,0.4,58.6,0.0,9.0,7.6,-1.0,200.8,1.0,115.6,0.6,200.8,1.0,1.2,0.2,2.4,0.0,1.4,0.0,29.4,0.0,17.4,7.8,7.0,7.0,Gillette Stadium,"Foxboro, MA",100.0,10,4,0,1
151,1169,2021,4,Raiders,Chargers,401326394,1,Brandon Staley,Jon Gruden,,72.0,49.0,4.0,4.0,382.0,1.8,96.8,1.2,382.0,1.8,1.6,1.4,2.4,0.0,0.2,0.0,14.6,0.0,25.4,10.6,1.0,302.2,2.0,97.2,0.6,302.2,2.0,0.8,1.0,1.6,0.0,1.0,0.0,40.8,0.0,1.8,7.6,8.0,8.0,SoFi Stadium,"Inglewood, CA",98.0,10,5,1,1
152,1170,2021,7,Saints,Seahawks,401326435,0,Pete Carroll,Sean Payton,rain,55.0,73.0,17.0,1.0,180.8,2.4,125.8,1.0,180.8,2.4,0.2,0.2,1.6,0.2,1.8,0.2,51.2,0.0,15.2,3.8,-2.0,256.4,1.6,75.8,1.0,242.0,1.6,1.0,1.4,1.4,0.0,0.4,0.0,29.6,0.0,8.8,5.6,15.0,7.0,Lumen Field,"Seattle, WA",100.0,10,26,1,0
153,1171,2021,7,Colts,49ers,401326434,0,Kyle Shanahan,Frank Reich,cloudy,,64.0,,1.0,263.8,1.4,126.4,1.0,263.8,1.4,0.6,1.4,1.8,0.2,1.0,0.0,44.4,0.0,7.4,8.6,-3.0,255.8,1.6,122.0,1.2,255.8,1.6,1.4,0.6,2.2,0.2,0.2,0.2,47.0,0.0,18.4,5.0,7.0,14.0,Levi's Stadium,"Santa Clara, CA",83.0,10,25,0,0
154,1172,2021,7,Bears,Buccaneers,401326433,1,Bruce Arians,Matt Nagy,rain,76.0,90.0,7.0,-1.0,137.2,0.6,128.0,1.0,137.2,0.6,1.0,1.4,4.0,0.2,0.8,0.2,63.4,0.0,11.8,6.0,3.0,345.2,2.6,92.0,1.2,345.2,2.6,0.8,0.6,2.2,0.4,1.2,0.4,26.0,0.0,7.4,7.6,7.0,9.0,Raymond James Stadium,"Tampa, FL",100.0,10,24,6,1
155,1173,2021,7,Texans,Cardinals,401326432,1,Kliff Kingsbury,David Culley,,,,,-5.0,207.4,1.2,72.6,0.2,207.4,1.2,1.6,1.2,1.8,0.0,0.6,0.0,73.2,0.0,3.2,2.6,6.0,227.2,2.0,112.0,0.8,248.2,2.0,2.2,2.2,1.8,0.0,0.6,0.0,13.4,0.0,13.2,8.2,7.0,7.0,State Farm Stadium,"Glendale, AZ",93.0,10,24,6,1
156,1174,2021,7,Lions,Rams,401326430,1,Sean McVay,Dan Campbell,cloudy,66.0,64.0,5.0,-10.0,233.4,0.8,87.0,0.8,233.4,0.8,1.2,0.6,2.4,0.0,0.8,0.0,47.4,0.0,17.8,4.8,2.0,303.4,2.6,109.4,0.8,303.4,2.6,1.2,0.8,3.0,0.0,1.4,0.0,37.4,0.0,12.0,8.6,7.0,7.0,SoFi Stadium,"Inglewood, CA",99.0,10,24,6,1
157,1175,2021,7,Eagles,Raiders,401326431,1,Rich Bisaccia,Nick Sirianni,cloudy,71.0,30.0,10.0,-1.0,243.2,1.0,101.8,1.2,243.2,1.0,1.0,0.6,1.6,0.2,1.0,0.0,24.8,0.0,6.6,5.4,1.0,302.2,1.6,79.4,0.8,302.2,1.6,1.4,1.4,2.6,0.0,0.8,0.0,33.0,0.0,15.4,8.0,9.0,6.0,Allegiant Stadium,"Las Vegas, NV",95.0,10,24,6,1
158,1176,2021,7,Bengals,Ravens,401326424,0,John Harbaugh,Zac Taylor,cloudy,61.0,62.0,7.0,1.0,257.2,2.6,97.6,0.4,257.2,2.6,0.4,0.2,2.2,0.0,1.0,0.0,54.4,0.0,12.2,5.8,5.0,290.2,1.6,148.4,1.4,290.2,1.6,1.0,1.0,2.2,0.0,0.6,0.0,36.2,0.0,33.2,8.6,7.0,7.0,M&T Bank Stadium,"Baltimore, MD",100.0,10,24,6,1
159,1177,2021,7,Panthers,Giants,401326428,1,Joe Judge,Matt Rhule,cloudy,57.0,51.0,0.0,-3.0,258.8,1.2,109.2,1.4,258.8,1.2,1.0,1.0,2.0,0.2,0.6,0.0,18.8,0.0,17.0,7.2,-2.0,290.6,0.8,95.8,1.0,290.6,0.8,1.6,1.6,1.6,0.0,1.0,0.0,48.0,0.0,15.4,8.2,7.0,7.0,MetLife Stadium,"East Rutherford, NJ",87.0,10,24,6,0
160,1178,2021,7,Jets,Patriots,401326427,1,Bill Belichick,Robert Saleh,sunny,54.0,41.0,6.0,-1.0,223.4,0.8,74.0,0.6,223.4,0.8,1.0,1.8,2.6,0.0,0.0,0.0,57.8,0.0,10.6,4.2,-1.0,247.2,1.2,79.0,1.0,247.2,1.2,0.8,0.6,2.2,0.0,1.0,0.0,31.0,0.0,16.6,8.2,14.0,6.0,Gillette Stadium,"Foxboro, MA",100.0,10,24,6,1
161,1179,2021,7,Falcons,Dolphins,401326426,0,Brian Flores,Arthur Smith,cloudy,86.0,70.0,10.0,1.0,266.4,2.0,91.0,0.4,266.4,2.0,1.4,0.8,1.8,0.0,0.2,0.0,57.6,0.0,14.2,6.2,-5.0,245.0,1.2,71.0,0.4,245.0,1.2,2.0,1.6,2.0,0.2,0.4,0.2,16.8,0.0,8.2,5.2,14.0,7.0,Hard Rock Stadium,"Miami Gardens, FL",97.0,10,24,6,0
162,1180,2021,7,Chiefs,Titans,401326429,1,Mike Vrabel,Andy Reid,cloudy,7.0,57.0,12.0,1.0,310.0,3.0,135.4,0.8,310.0,3.0,1.8,0.8,1.0,0.2,0.6,0.2,67.4,0.0,15.2,6.4,2.0,251.0,1.0,179.8,2.2,251.0,1.0,0.6,0.4,2.2,0.2,0.6,0.0,52.6,0.0,24.0,9.4,7.0,5.0,Nissan Stadium,"Nashville, TN",100.0,10,24,6,0
163,1181,2021,7,Washington,Packers,401326425,1,Matt LaFleur,Ron Rivera,sunny,5.0,56.0,8.0,-2.0,253.6,1.6,102.4,1.0,253.6,1.6,0.6,0.6,2.0,0.2,0.6,0.0,74.6,0.2,3.2,7.2,5.0,260.6,2.4,122.8,0.8,226.0,2.2,0.4,0.6,2.6,0.0,1.0,0.0,33.4,0.0,6.2,8.0,7.0,7.0,Lambeau Field,"Green Bay, WI",97.0,10,24,6,1
164,1182,2021,7,Broncos,Browns,401326423,1,Kevin Stefanski,Vic Fangio,cloudy,61.0,69.0,25.0,-3.0,272.6,1.6,108.0,0.4,272.6,1.6,0.4,0.2,2.4,0.0,0.8,0.0,28.4,0.0,18.6,7.8,-2.0,231.8,1.2,171.6,1.6,231.8,1.2,1.2,0.8,3.2,0.0,0.4,0.0,46.0,0.0,39.2,7.8,4.0,4.0,FirstEnergy Stadium,"Cleveland, OH",100.0,10,22,4,1
165,1183,2021,6,Bills,Titans,401326422,1,Mike Vrabel,Sean McDermott,,65.0,43.0,0.0,4.0,274.2,2.4,136.8,1.2,229.2,2.0,1.6,1.4,2.6,0.2,1.4,0.2,29.4,0.0,13.4,7.2,1.0,251.4,1.2,167.8,1.6,251.4,1.2,1.0,0.4,2.0,0.2,0.6,0.0,29.0,0.0,24.0,7.6,7.0,8.0,Nissan Stadium,"Nashville, TN",100.0,10,19,1,1
166,1184,2021,6,Seahawks,Steelers,401326421,1,Mike Tomlin,Pete Carroll,cloudy,54.0,63.0,7.0,-1.0,265.4,2.2,104.0,1.0,265.4,2.2,0.8,1.2,2.0,0.0,0.4,0.0,34.0,0.0,7.8,4.8,1.0,,,,,,,,,,,,,,,,,10.0,,Acrisure Stadium,"Pittsburgh, PA",89.0,10,18,0,1
167,1185,2021,6,Cowboys,Patriots,401326420,0,Bill Belichick,Mike McCarthy,cloudy,61.0,52.0,10.0,4.0,278.0,2.6,172.8,1.2,278.0,2.6,1.4,1.4,1.8,0.4,2.0,0.4,17.0,0.0,8.8,8.8,1.0,253.6,1.6,88.2,0.6,253.6,1.6,1.0,0.4,2.8,0.0,1.2,0.0,32.6,0.0,19.2,8.4,7.0,7.0,Gillette Stadium,"Foxboro, MA",100.0,10,17,6,0
168,1186,2021,6,Raiders,Broncos,401326419,0,Vic Fangio,Rich Bisaccia,sunny,69.0,12.0,7.0,-2.0,321.0,1.6,78.6,0.8,321.0,1.6,1.4,1.6,2.2,0.0,0.2,0.0,39.6,0.0,16.4,7.8,-2.0,258.6,1.4,118.6,0.6,258.6,1.4,0.4,0.4,2.4,0.0,0.8,0.0,15.2,0.0,23.4,8.4,7.0,7.0,Empower Field at Mile High,"Denver, CO",100.0,10,17,6,1
169,1187,2021,6,Chargers,Ravens,401326411,1,John Harbaugh,Brandon Staley,cloudy,63.0,47.0,16.0,3.0,315.2,2.6,108.4,1.0,315.2,2.6,1.0,0.8,2.0,0.0,0.8,0.0,33.0,0.0,8.2,5.6,4.0,303.8,1.6,148.8,1.2,303.8,1.6,1.4,1.2,2.4,0.0,0.6,0.0,22.2,0.0,37.8,8.4,6.0,5.0,M&T Bank Stadium,"Baltimore, MD",100.0,10,17,6,1
170,1188,2021,14,49ers,Bengals,401326525,0,Zac Taylor,Kyle Shanahan,sunny,45.0,44.0,7.0,-1.0,242.6,1.8,129.0,1.2,242.6,1.8,0.8,1.2,2.4,0.2,0.8,0.2,27.4,0.0,13.4,7.8,-1.0,246.2,1.2,115.8,2.0,246.2,1.2,2.0,2.0,2.6,0.2,1.2,0.2,42.6,0.0,10.8,8.0,7.0,7.0,Paycor Stadium,"Cincinnati, OH",77.0,12,12,6,0
171,1189,2021,10,Vikings,Chargers,401326474,0,Brandon Staley,Mike Zimmer,sunny,87.0,16.0,7.0,-2.0,244.4,1.6,123.0,0.4,244.4,1.6,1.2,1.4,3.4,0.2,1.0,0.0,56.6,0.2,5.4,8.2,1.0,278.8,2.4,111.6,1.2,278.8,2.4,0.4,0.2,2.0,0.0,0.6,0.0,68.4,0.0,9.8,4.0,7.0,7.0,SoFi Stadium,"Inglewood, CA",98.0,11,14,6,1
172,1190,2021,10,Seahawks,Packers,401326476,1,Matt LaFleur,Pete Carroll,sunny,35.0,79.0,12.0,1.0,200.6,1.6,71.0,0.6,186.2,1.6,1.0,1.4,1.2,0.2,0.6,0.0,43.0,0.2,16.6,5.6,-1.0,237.4,2.0,123.4,0.4,237.4,2.0,1.4,1.2,2.8,0.0,1.2,0.0,20.0,0.0,10.4,6.4,14.0,7.0,Lambeau Field,"Green Bay, WI",97.0,11,14,6,1
173,1191,2021,3,Falcons,Giants,401326370,0,Joe Judge,Arthur Smith,sunny,7.0,41.0,13.0,-7.0,277.0,1.8,86.6,0.4,277.0,1.8,2.0,0.6,1.6,0.0,0.6,0.0,33.6,0.0,5.2,6.2,-2.0,243.6,1.0,95.2,0.6,243.6,1.0,0.8,0.4,2.0,0.0,0.4,0.0,59.2,0.0,13.4,7.2,6.0,9.0,MetLife Stadium,"East Rutherford, NJ",91.0,9,26,6,0
174,1192,2021,13,Patriots,Bills,401326522,0,Sean McDermott,Bill Belichick,cloudy,36.0,61.0,27.0,6.0,231.2,1.6,143.2,1.0,231.2,1.6,0.8,1.0,3.0,0.6,2.2,0.6,35.8,0.0,32.4,11.8,1.0,273.4,2.0,103.4,1.0,273.4,2.0,1.6,1.2,1.4,0.0,1.2,0.0,63.6,0.0,20.0,6.2,8.0,10.0,Highmark Stadium,"Orchard Park, NY",97.0,12,7,1,0
175,1193,2021,13,Broncos,Chiefs,401326515,1,Andy Reid,Vic Fangio,,55.0,51.0,15.0,1.0,206.0,1.0,111.4,1.2,206.0,1.0,0.8,0.6,2.6,0.2,1.2,0.2,17.4,0.0,14.4,5.6,4.0,282.2,1.4,96.2,0.6,282.2,1.4,1.8,1.4,2.4,0.0,1.2,0.0,30.0,0.0,11.6,7.2,7.0,14.0,GEHA Field at Arrowhead Stadium,"Kansas City, MO",100.0,12,6,0,1
176,1194,2021,13,49ers,Seahawks,401326521,1,Pete Carroll,Kyle Shanahan,sunny,41.0,82.0,1.0,3.0,247.2,1.4,143.8,1.6,247.2,1.4,0.6,0.8,2.4,0.2,0.8,0.2,23.8,0.0,15.4,9.4,-3.0,195.4,1.0,70.8,0.4,195.4,1.0,0.6,0.6,1.4,0.2,0.6,0.0,59.6,0.2,9.6,3.8,7.0,5.0,Lumen Field,"Seattle, WA",100.0,12,5,6,0
177,1195,2021,13,Ravens,Steelers,401326520,1,Mike Tomlin,John Harbaugh,cloudy,5.0,42.0,9.0,2.0,203.8,1.0,121.2,0.6,220.6,1.0,0.8,0.8,2.0,0.0,0.2,0.0,28.0,0.0,23.0,5.8,-2.0,252.0,1.8,94.6,0.8,252.0,1.8,1.2,1.0,2.6,0.0,0.8,0.0,51.0,0.0,12.0,8.0,6.0,7.0,Acrisure Stadium,"Pittsburgh, PA",87.0,12,5,6,1
178,1196,2021,13,Jaguars,Rams,401326519,1,Sean McVay,Urban Meyer,sunny,65.0,61.0,3.0,-3.0,187.4,0.4,107.0,0.6,187.4,0.4,1.6,0.8,2.2,0.0,0.6,0.0,61.4,0.0,18.0,4.6,-3.0,297.0,2.2,85.2,0.4,297.0,2.2,0.4,0.2,2.4,0.0,0.8,0.0,58.2,0.0,4.4,7.6,7.0,6.0,SoFi Stadium,"Inglewood, CA",99.0,12,5,6,1
179,1197,2021,13,Washington,Raiders,401326518,0,Rich Bisaccia,Ron Rivera,sunny,69.0,17.0,5.0,3.0,244.6,1.4,148.6,0.6,244.6,1.4,2.2,2.2,2.0,0.0,0.4,0.0,48.6,0.0,6.0,6.2,1.0,293.6,1.4,100.2,0.8,293.6,1.4,1.2,1.6,1.8,0.0,0.0,0.0,47.4,0.0,15.4,9.2,5.0,9.0,Allegiant Stadium,"Las Vegas, NV",95.0,12,5,6,0
180,1198,2021,13,Colts,Texans,401326514,0,David Culley,Frank Reich,,76.0,90.0,10.0,-1.0,219.0,2.0,168.2,2.0,219.0,2.0,1.6,1.6,2.2,0.2,1.4,0.0,66.6,0.0,15.4,9.0,-1.0,190.0,0.8,67.6,0.6,190.0,0.8,1.2,1.4,3.0,0.0,1.6,0.0,34.2,0.0,14.2,5.2,7.0,7.0,NRG Stadium,"Houston, TX",91.0,12,5,6,0
181,1199,2021,13,Eagles,Jets,401326517,0,Robert Saleh,Nick Sirianni,sunny,47.0,32.0,,-1.0,146.0,0.6,215.6,2.0,146.0,0.6,1.0,1.2,1.6,0.6,0.4,0.2,34.4,0.0,16.4,9.8,1.0,313.6,2.0,102.8,0.8,313.6,2.0,1.0,0.2,2.2,0.0,0.8,0.0,61.8,0.0,13.8,6.2,7.0,7.0,MetLife Stadium,"East Rutherford, NJ",89.0,12,5,6,0
182,1200,2021,13,Giants,Dolphins,401326516,1,Brian Flores,Joe Judge,sunny,82.0,54.0,9.0,1.0,187.8,1.2,92.0,0.2,187.8,1.2,1.2,1.2,2.2,0.2,1.6,0.2,28.6,0.0,9.4,7.6,4.0,253.2,0.8,80.2,1.2,253.2,0.8,2.4,2.0,3.2,0.4,1.4,0.0,18.0,0.0,15.8,6.6,7.0,7.0,Hard Rock Stadium,"Miami Gardens, FL",100.0,12,5,6,1
183,1201,2021,13,Vikings,Lions,401326513,1,Dan Campbell,Mike Zimmer,indoor,68.0,70.0,,-1.0,253.6,2.0,98.4,0.8,253.6,2.0,1.2,1.0,2.4,0.4,1.0,0.0,69.6,0.4,16.8,7.2,-15.0,191.4,0.6,94.8,0.6,191.4,0.6,1.2,0.6,1.0,0.0,0.8,0.0,76.8,0.0,12.4,4.4,6.0,10.0,Ford Field,"Detroit, MI",71.0,12,5,6,0
184,1202,2021,3,Bengals,Steelers,401326371,0,Mike Tomlin,Zac Taylor,sunny,7.0,42.0,11.0,-1.0,195.2,1.4,137.2,1.0,195.2,1.4,0.2,0.8,1.6,0.0,0.6,0.0,24.6,0.0,23.6,7.8,-1.0,262.2,1.6,61.4,0.6,262.2,1.6,1.2,0.8,3.2,0.2,0.2,0.0,50.2,0.0,13.8,7.0,7.0,7.0,Acrisure Stadium,"Pittsburgh, PA",85.0,9,26,6,1
185,1203,2021,3,Cardinals,Jaguars,401326367,0,Urban Meyer,Kliff Kingsbury,sunny,8.0,49.0,7.0,2.0,312.0,2.2,102.0,0.8,312.0,2.2,1.6,1.0,3.6,0.0,0.4,0.0,25.2,0.0,9.2,6.4,-17.0,,,,,,,,,,,,,,,,,6.0,,TIAA Bank Field,"Jacksonville, FL",85.0,9,26,6,0
186,1204,2021,13,Chargers,Bengals,401326512,0,Zac Taylor,Brandon Staley,cloudy,51.0,69.0,7.0,-1.0,291.8,2.0,113.0,1.0,291.8,2.0,0.0,0.4,1.6,0.0,0.2,0.0,45.2,0.0,7.8,6.6,2.0,269.4,1.6,118.8,2.0,269.4,1.6,1.8,1.6,2.8,0.2,1.0,0.2,32.2,0.0,13.8,9.4,6.0,7.0,Paycor Stadium,"Cincinnati, OH",78.0,12,5,6,1
187,1205,2021,13,Cardinals,Bears,401326511,0,Matt Nagy,Kliff Kingsbury,cloudy,35.0,67.0,10.0,1.0,257.6,1.2,113.8,1.8,257.6,1.2,2.0,2.2,2.4,0.0,0.4,0.0,54.2,0.0,17.4,5.2,1.0,249.4,1.0,123.0,0.4,249.4,1.0,2.0,1.6,2.2,0.2,0.2,0.0,73.4,0.0,11.2,6.6,13.0,10.0,Soldier Field,"Chicago, IL",99.0,12,5,6,0
188,1206,2021,13,Buccaneers,Falcons,401326510,0,Arthur Smith,Bruce Arians,indoor,72.0,,,2.0,273.0,2.6,108.4,1.2,273.0,2.6,0.8,1.6,3.0,0.0,1.4,0.0,43.2,0.0,16.6,7.6,1.0,193.6,0.8,81.6,0.6,193.6,0.8,0.8,1.6,1.0,0.0,0.4,0.0,60.0,0.0,9.2,4.4,7.0,7.0,Mercedes-Benz Stadium,"Atlanta, GA",92.0,12,5,6,0
189,1207,2021,3,Jets,Broncos,401326373,1,Vic Fangio,Robert Saleh,sunny,85.0,9.0,7.0,-3.0,231.8,1.4,106.4,0.4,231.8,1.4,0.4,0.8,2.8,0.0,0.2,0.0,43.4,0.0,12.0,4.8,2.0,265.4,1.4,131.2,1.0,265.4,1.4,0.8,1.0,1.8,0.0,0.8,0.0,25.4,0.0,26.2,8.4,7.0,7.0,Empower Field at Mile High,"Denver, CO",100.0,9,26,6,1
190,1208,2021,2,Giants,Washington,401326127,1,Ron Rivera,Joe Judge,rain,72.0,93.0,5.0,-1.0,222.8,0.8,78.2,0.6,222.8,0.8,1.8,0.4,2.0,0.0,0.2,0.0,76.0,0.0,11.8,4.0,-1.0,198.2,1.0,103.8,0.2,198.2,1.0,1.6,1.0,2.6,0.4,1.2,0.2,30.2,0.0,15.4,7.8,4.0,4.0,FedExField,"Landover, MD",74.0,9,17,4,1
191,1209,2021,13,Cowboys,Saints,401326509,0,Sean Payton,Mike McCarthy,fair,68.0,69.0,0.0,-2.0,300.0,1.6,83.2,0.8,300.0,1.6,1.4,0.4,2.6,0.4,0.8,0.0,61.6,0.2,9.2,5.8,-4.0,236.6,2.0,100.0,0.8,236.6,2.0,1.0,0.8,2.4,0.2,0.8,0.2,83.8,0.0,21.4,5.4,7.0,7.0,Caesars Superdome,"New Orleans, LA",95.0,12,3,4,0
192,1210,2021,3,Dolphins,Raiders,401326374,1,Jon Gruden,Brian Flores,,9.0,25.0,2.0,-1.0,199.2,0.6,114.8,1.0,239.6,0.8,1.0,1.2,1.6,0.0,0.6,0.0,15.2,0.0,4.0,4.8,3.0,360.6,1.6,103.4,1.4,360.6,1.6,1.4,1.0,2.2,0.0,0.2,0.0,11.6,0.0,26.8,10.2,7.0,7.0,Allegiant Stadium,"Las Vegas, NV",91.0,9,26,6,1
193,1211,2021,3,Buccaneers,Rams,401326375,1,Sean McVay,Bruce Arians,cloudy,68.0,73.0,5.0,6.0,387.0,4.2,78.0,0.8,387.0,4.2,1.2,0.6,2.0,0.4,1.0,0.4,62.4,0.0,14.6,7.8,3.0,254.6,1.4,103.4,0.4,254.6,1.4,0.8,0.4,3.4,0.2,0.8,0.2,48.6,0.0,15.2,9.2,7.0,7.0,SoFi Stadium,"Inglewood, CA",100.0,9,26,6,1
194,1212,2021,3,Saints,Patriots,401326369,0,Bill Belichick,Sean Payton,sunny,7.0,60.0,10.0,-1.0,156.4,1.6,129.0,2.0,161.6,1.8,0.4,0.2,2.0,0.0,1.6,0.0,49.4,0.0,10.0,5.6,1.0,176.0,0.8,127.2,0.6,176.0,0.8,1.4,0.2,2.0,0.0,1.6,0.0,29.4,0.0,20.8,7.0,7.0,7.0,Gillette Stadium,"Foxboro, MA",100.0,9,26,6,0
195,1213,2021,3,Seahawks,Vikings,401326376,1,Mike Zimmer,Pete Carroll,indoor,77.0,44.0,7.0,-1.0,224.8,2.0,122.8,1.0,224.8,2.0,0.4,0.6,3.2,0.0,0.6,0.0,22.8,0.0,12.0,6.8,-2.0,314.6,2.6,123.4,1.2,314.6,2.6,1.6,0.6,2.0,0.2,1.2,0.2,36.0,0.0,10.6,6.8,7.0,7.0,U.S. Bank Stadium,"Minneapolis, MN",100.0,9,26,6,1
196,1214,2021,3,Chargers,Chiefs,401326368,0,Andy Reid,Brandon Staley,,81.0,35.0,20.0,-1.0,308.8,1.6,101.0,1.0,308.8,1.6,0.8,0.4,1.4,0.0,0.8,0.0,41.2,0.0,3.8,8.0,-1.0,286.0,2.6,96.4,0.8,286.0,2.6,1.6,1.0,2.2,0.2,0.8,0.2,62.8,0.0,5.0,5.6,6.0,6.0,GEHA Field at Arrowhead Stadium,"Kansas City, MO",100.0,9,26,6,0
197,1215,2021,3,Ravens,Lions,401326366,0,Dan Campbell,John Harbaugh,indoor,68.0,70.0,,1.0,205.6,2.0,250.4,2.0,205.6,2.0,2.0,1.0,2.8,0.0,0.8,0.0,8.8,0.0,30.4,8.0,-6.0,267.2,1.8,109.8,1.0,267.2,1.8,1.4,0.6,2.0,0.0,0.0,0.0,76.0,0.0,21.8,4.2,6.0,5.0,Ford Field,"Detroit, MI",79.0,9,26,6,0
198,1216,2021,14,Lions,Broncos,401326532,1,Vic Fangio,Dan Campbell,cloudy,61.0,11.0,7.0,1.0,210.2,1.2,107.6,0.4,210.2,1.2,1.6,1.0,1.2,0.0,0.6,0.0,65.0,0.0,7.4,6.0,-1.0,220.0,0.8,134.0,1.2,220.0,0.8,1.2,0.8,2.6,0.2,1.4,0.2,15.0,0.0,12.4,5.8,7.0,6.0,Empower Field at Mile High,"Denver, CO",100.0,12,12,6,1
199,1217,2021,1,Chargers,Washington,401326312,0,Ron Rivera,Brandon Staley,sunny,81.0,52.0,8.0,0.0,264.2,1.6,99.0,0.8,264.2,1.6,0.8,0.2,1.4,0.0,1.2,0.0,81.0,0.0,2.2,6.2,0.0,230.4,1.0,87.6,0.4,230.4,1.0,1.2,0.8,2.2,0.4,1.2,0.2,31.6,0.0,12.8,8.0,251.0,251.0,FedExField,"Landover, MD",78.0,9,12,6,0
200,1218,2021,1,Jets,Panthers,401326309,1,Matt Rhule,Robert Saleh,sunny,84.0,43.0,5.0,0.0,201.8,1.4,122.0,0.8,201.8,1.4,0.8,0.6,2.6,0.0,0.6,0.0,58.2,0.0,10.0,4.6,0.0,255.2,0.4,106.8,1.2,255.2,0.4,1.2,1.4,2.6,0.6,0.4,0.0,29.4,0.0,9.6,6.2,251.0,251.0,Bank of America Stadium,"Charlotte, NC",95.0,9,12,6,1
201,1219,2021,1,Jaguars,Texans,401326310,1,David Culley,Urban Meyer,cloudy,82.0,63.0,9.0,0.0,248.2,1.6,81.2,0.2,248.2,1.6,1.0,0.4,1.4,0.2,0.8,0.2,38.6,0.0,5.8,3.4,0.0,328.4,1.8,108.6,0.8,328.4,1.8,2.2,0.2,1.8,0.0,0.0,0.0,75.4,0.0,6.8,7.6,251.0,251.0,NRG Stadium,"Houston, TX",95.0,9,12,6,1
202,1220,2021,14,Seahawks,Texans,401326527,0,David Culley,Pete Carroll,,55.0,46.0,4.0,1.0,208.2,1.2,82.0,0.8,208.2,1.2,1.4,1.0,1.2,0.2,1.0,0.0,78.6,0.2,5.8,3.8,-2.0,181.8,0.8,76.0,0.6,181.8,0.8,1.2,1.6,2.4,0.0,1.4,0.0,35.4,0.0,4.8,4.6,6.0,7.0,NRG Stadium,"Houston, TX",94.0,12,12,6,1
203,1221,2021,14,Falcons,Panthers,401326524,0,Matt Rhule,Arthur Smith,sunny,51.0,31.0,9.0,-1.0,223.8,0.6,89.4,0.8,223.8,0.6,1.6,2.0,1.0,0.2,0.6,0.2,61.0,0.0,6.4,4.0,-2.0,168.8,0.6,124.4,1.0,168.8,0.6,1.2,1.6,2.8,0.0,0.8,0.0,18.0,0.0,7.2,8.0,7.0,14.0,Bank of America Stadium,"Charlotte, NC",98.0,12,12,6,0
204,1222,2021,14,Cowboys,Washington,401326531,0,Ron Rivera,Mike McCarthy,sunny,48.0,32.0,11.0,1.0,275.6,1.4,96.8,1.0,275.6,1.4,1.0,0.4,2.8,0.6,1.6,0.2,61.6,0.2,17.2,6.0,4.0,230.2,1.6,132.0,0.6,230.2,1.6,1.4,1.4,1.8,0.0,0.4,0.0,32.2,0.0,11.8,6.4,9.0,6.0,FedExField,"Landover, MD",91.0,12,12,6,0
205,1223,2021,14,Saints,Jets,401326529,0,Robert Saleh,Sean Payton,sunny,48.0,30.0,14.0,-5.0,246.4,2.0,100.2,0.6,246.4,2.0,1.0,0.4,2.0,0.0,0.6,0.0,70.0,0.0,26.4,4.0,-1.0,229.2,1.4,84.0,0.6,251.4,1.6,0.8,0.2,1.8,0.0,0.6,0.0,77.8,0.0,10.6,4.6,9.0,7.0,MetLife Stadium,"East Rutherford, NJ",84.0,12,12,6,0
206,1224,2021,14,Raiders,Chiefs,401326528,1,Andy Reid,Rich Bisaccia,,5.0,24.0,20.0,-1.0,278.8,1.0,91.6,0.6,278.8,1.0,1.2,1.2,1.6,0.0,0.2,0.0,56.0,0.0,13.6,9.2,5.0,261.4,1.4,98.6,0.8,261.4,1.4,1.2,1.4,2.4,0.2,1.4,0.2,30.0,0.0,14.2,8.6,6.0,6.0,GEHA Field at Arrowhead Stadium,"Kansas City, MO",100.0,12,12,6,1
207,1225,2021,14,Jaguars,Titans,401326530,1,Mike Vrabel,Urban Meyer,sunny,44.0,51.0,4.0,-4.0,168.8,0.2,102.8,0.8,168.8,0.2,2.2,1.0,1.8,0.0,0.6,0.0,50.0,0.0,14.6,4.6,-2.0,207.4,1.4,120.2,0.8,207.4,1.4,2.2,1.8,2.4,0.4,0.8,0.4,56.0,0.0,12.2,5.4,6.0,14.0,Nissan Stadium,"Nashville, TN",98.0,12,12,6,1
208,1226,2021,14,Ravens,Browns,401326526,1,Kevin Stefanski,John Harbaugh,sunny,47.0,41.0,16.0,-1.0,195.2,1.0,119.6,0.6,212.0,1.0,0.8,0.6,2.0,0.0,0.0,0.0,31.2,0.0,18.0,6.2,-1.0,204.0,1.0,114.4,0.8,204.0,1.0,1.6,1.0,2.2,0.2,1.6,0.2,44.6,0.0,2.8,4.2,6.0,13.0,FirstEnergy Stadium,"Cleveland, OH",100.0,12,12,6,1
209,1227,2021,1,Browns,Chiefs,401326314,1,Andy Reid,Kevin Stefanski,,88.0,43.0,12.0,0.0,294.6,1.8,119.8,2.0,294.6,1.8,2.4,0.4,2.2,0.0,0.4,0.0,48.4,0.0,5.8,5.4,0.0,292.2,2.0,115.0,0.6,292.2,2.0,1.6,0.6,2.4,0.0,0.8,0.0,40.4,0.0,15.4,7.4,252.0,251.0,GEHA Field at Arrowhead Stadium,"Kansas City, MO",100.0,9,12,6,0
210,1228,2021,1,Dolphins,Patriots,401326313,0,Bill Belichick,Brian Flores,cloudy,82.0,63.0,13.0,0.0,285.2,1.2,128.0,1.2,285.2,1.2,1.0,0.8,3.2,0.0,1.4,0.0,9.0,0.0,7.0,9.2,0.0,,,,,,,,,,,,,,,,,252.0,,Gillette Stadium,"Foxboro, MA",100.0,9,12,6,0
211,1229,2021,14,Steelers,Vikings,401326523,1,Mike Zimmer,Mike Tomlin,indoor,33.0,76.0,11.0,1.0,248.6,1.8,82.2,0.6,248.6,1.8,1.0,1.0,3.6,0.0,0.8,0.0,53.2,0.0,18.6,7.4,-2.0,284.8,2.2,98.2,1.0,284.8,2.2,1.2,0.8,2.4,0.4,1.0,0.0,82.6,0.4,20.0,7.0,4.0,4.0,U.S. Bank Stadium,"Minneapolis, MN",100.0,12,10,4,0
212,1230,2021,1,Packers,Saints,401326319,1,Sean Payton,Matt LaFleur,,83.0,56.0,8.0,0.0,239.8,3.0,155.4,1.4,239.8,3.0,0.6,0.4,3.4,0.0,0.8,0.0,46.8,0.0,2.8,5.6,0.0,208.6,1.4,145.8,2.2,213.8,1.6,1.2,0.4,1.8,0.0,1.0,0.0,25.8,0.0,12.0,5.0,251.0,251.0,TIAA Bank Field,"Jacksonville, FL",52.0,9,12,6,0
213,1231,2021,1,Broncos,Giants,401326320,0,Joe Judge,Vic Fangio,fair,82.0,56.0,18.0,0.0,233.2,1.8,134.0,0.8,233.2,1.8,1.0,0.8,2.2,0.0,0.4,0.0,41.8,0.0,31.8,5.6,0.0,190.4,0.8,104.2,0.6,190.4,0.8,1.6,0.4,2.6,0.0,0.4,0.0,67.4,0.0,11.4,4.4,251.0,252.0,MetLife Stadium,"East Rutherford, NJ",90.0,9,12,6,0
214,1232,2021,1,Bears,Rams,401326323,1,Sean McVay,Matt Nagy,sunny,71.0,67.0,10.0,0.0,250.6,1.4,148.8,2.0,250.6,1.4,1.0,0.6,2.8,0.0,0.8,0.0,47.0,0.0,7.0,10.4,0.0,232.4,0.8,129.4,0.8,232.4,0.8,0.6,0.2,3.8,0.6,0.6,0.6,46.2,0.0,20.4,8.2,252.0,252.0,SoFi Stadium,"Inglewood, CA",99.0,9,13,0,1
215,1233,2021,1,Ravens,Raiders,401326321,1,Jon Gruden,John Harbaugh,sunny,103.0,7.0,16.0,0.0,167.4,2.2,267.4,2.4,167.4,2.2,1.4,0.2,2.4,0.0,0.8,0.0,28.6,0.0,13.8,8.4,0.0,342.4,1.8,106.8,1.4,342.4,1.8,1.4,0.4,1.8,0.0,0.2,0.0,11.8,0.0,26.4,8.8,253.0,253.0,Allegiant Stadium,"Las Vegas, NV",95.0,9,14,1,0
216,1234,2021,3,Panthers,Texans,401326363,0,David Culley,Matt Rhule,,79.0,59.0,6.0,2.0,262.0,0.8,100.4,1.0,262.0,0.8,1.6,0.8,4.0,0.2,1.0,0.0,32.8,0.0,18.4,5.6,-1.0,320.0,2.4,117.4,1.0,320.0,2.4,2.0,0.6,1.2,0.0,0.8,0.0,70.8,0.0,3.8,9.0,4.0,4.0,NRG Stadium,"Houston, TX",95.0,9,24,4,0
217,1235,2021,3,Washington,Bills,401326364,1,Sean McDermott,Ron Rivera,sunny,66.0,49.0,20.0,1.0,243.8,1.4,101.6,0.4,243.8,1.4,1.6,0.6,2.6,0.0,1.0,0.0,46.8,0.0,8.2,8.0,1.0,308.0,2.6,130.0,1.8,308.0,2.6,1.8,1.0,3.0,0.6,0.8,0.2,65.2,0.0,30.0,8.6,9.0,7.0,Highmark Stadium,"Orchard Park, NY",96.0,9,26,6,1
218,1236,2021,3,Bears,Browns,401326365,1,Kevin Stefanski,Matt Nagy,sunny,68.0,43.0,14.0,1.0,210.2,0.8,138.4,1.6,210.2,0.8,1.2,0.6,2.2,0.2,1.2,0.2,52.0,0.0,5.8,9.2,1.0,262.4,0.8,130.4,2.4,262.4,0.8,1.8,0.6,1.4,0.0,0.4,0.0,56.0,0.0,9.8,4.4,7.0,7.0,FirstEnergy Stadium,"Cleveland, OH",100.0,9,26,6,1
219,1237,2021,3,Colts,Titans,401326372,1,Mike Vrabel,Frank Reich,sunny,72.0,65.0,2.0,-2.0,237.0,1.4,149.8,1.0,237.0,1.4,0.6,1.0,3.2,0.2,0.2,0.0,45.4,0.0,24.6,7.4,1.0,235.0,1.2,187.4,2.4,235.0,1.2,1.2,0.6,2.0,0.0,0.8,0.0,64.0,0.0,6.4,7.4,7.0,6.0,Nissan Stadium,"Nashville, TN",98.0,9,26,6,1
220,1238,2021,10,Eagles,Broncos,401326475,0,Vic Fangio,Nick Sirianni,cloudy,65.0,22.0,5.0,-1.0,165.0,0.8,147.6,2.2,165.0,0.8,1.2,0.4,1.8,0.2,1.0,0.0,32.4,0.0,8.0,6.2,2.0,254.2,1.8,106.4,0.6,254.2,1.8,0.4,0.4,2.2,0.0,0.6,0.0,37.2,0.0,11.6,6.0,7.0,7.0,Empower Field at Mile High,"Denver, CO",100.0,11,14,6,1
221,1239,2021,2,Bengals,Bears,401326129,1,Matt Nagy,Zac Taylor,sunny,81.0,57.0,4.0,1.0,198.2,1.2,143.6,1.0,198.2,1.2,0.6,0.8,1.4,0.0,0.4,0.0,23.2,0.0,20.6,7.0,-2.0,240.4,1.2,147.6,1.8,240.4,1.2,1.0,0.6,2.6,0.0,0.6,0.0,54.8,0.0,6.6,9.6,7.0,6.0,Soldier Field,"Chicago, IL",99.0,9,19,6,1
222,1240,2021,2,Rams,Colts,401326131,0,Frank Reich,Sean McVay,sunny,83.0,57.0,7.0,2.0,226.4,1.2,120.4,0.4,226.4,1.2,0.4,0.2,4.0,0.4,0.6,0.4,37.2,0.0,16.8,8.6,-1.0,231.4,1.6,170.4,1.4,231.4,1.6,0.6,1.0,3.0,0.2,0.4,0.2,49.0,0.0,25.0,8.2,6.0,7.0,Lucas Oil Stadium,"Indianapolis, IN",100.0,9,19,6,0
223,1241,2021,11,Bengals,Raiders,401326489,0,Rich Bisaccia,Zac Taylor,sunny,68.0,13.0,10.0,-2.0,313.6,2.4,96.4,1.2,313.6,2.4,1.4,1.2,2.4,0.0,0.8,0.0,42.8,0.0,14.0,6.8,-2.0,285.4,1.4,88.6,1.0,285.4,1.4,0.8,1.4,2.4,0.0,0.6,0.0,44.2,0.0,6.8,6.8,14.0,6.0,Allegiant Stadium,"Las Vegas, NV",95.0,11,21,6,1
224,1242,2021,2,Saints,Panthers,401326128,1,Matt Rhule,Sean Payton,cloudy,82.0,60.0,6.0,3.0,192.4,2.0,138.6,2.0,197.6,2.2,0.6,0.4,1.6,0.0,1.4,0.0,25.8,0.0,11.2,6.0,1.0,257.6,0.4,107.6,1.4,257.6,0.4,1.4,0.8,3.4,0.2,0.6,0.0,36.0,0.0,13.6,5.8,6.0,7.0,Bank of America Stadium,"Charlotte, NC",96.0,9,19,6,0
225,1243,2021,2,Broncos,Jaguars,401326132,0,Urban Meyer,Vic Fangio,cloudy,78.0,94.0,6.0,1.0,255.8,1.8,131.2,1.0,255.8,1.8,1.2,1.0,2.4,0.0,0.4,0.0,26.4,0.0,37.0,6.6,-16.0,258.6,2.0,71.6,0.0,258.6,2.0,0.8,0.2,0.8,0.0,0.6,0.0,38.6,0.0,3.4,3.2,6.0,7.0,TIAA Bank Field,"Jacksonville, FL",86.0,9,19,6,0
226,1244,2021,11,49ers,Jaguars,401326484,0,Urban Meyer,Kyle Shanahan,sunny,67.0,82.0,12.0,1.0,240.6,1.0,120.6,1.2,240.6,1.0,1.0,0.8,2.2,0.2,0.6,0.2,42.4,0.0,17.8,7.0,-1.0,228.6,0.6,124.4,1.0,228.6,0.6,1.0,0.4,2.2,0.0,0.6,0.0,64.4,0.0,12.2,5.0,5.0,7.0,TIAA Bank Field,"Jacksonville, FL",89.0,11,21,6,0
227,1245,2021,11,Washington,Panthers,401326481,0,Matt Rhule,Ron Rivera,cloudy,58.0,50.0,1.0,1.0,244.8,0.8,125.2,0.8,244.8,0.8,1.6,1.8,2.4,0.0,1.0,0.0,50.4,0.0,6.4,7.2,1.0,165.6,0.4,124.2,0.8,165.6,0.4,1.4,1.2,2.2,0.2,0.8,0.0,26.4,0.0,9.0,8.8,7.0,6.0,Bank of America Stadium,"Charlotte, NC",99.0,11,21,6,0
228,1246,2021,11,Saints,Eagles,401326487,1,Nick Sirianni,Sean Payton,cloudy,52.0,68.0,7.0,-2.0,261.4,2.2,107.8,0.8,261.4,2.2,1.2,0.6,2.8,0.2,0.8,0.2,71.4,0.0,19.4,6.4,1.0,161.0,1.2,172.6,1.8,161.0,1.2,1.2,1.0,1.4,0.4,0.4,0.0,23.2,0.0,5.4,7.2,7.0,6.0,Lincoln Financial Field,"Philadelphia, PA",100.0,11,21,6,0
229,1247,2021,11,Dolphins,Jets,401326486,0,Robert Saleh,Brian Flores,sunny,54.0,49.0,8.0,2.0,281.6,1.4,76.8,0.6,281.6,1.4,1.6,1.6,2.4,0.2,1.0,0.0,27.8,0.0,13.8,6.0,-2.0,315.4,1.8,76.2,1.0,315.4,1.8,1.0,0.8,1.4,0.0,0.4,0.0,85.0,0.0,4.8,5.2,9.0,7.0,MetLife Stadium,"East Rutherford, NJ",88.0,11,21,6,0
230,1248,2021,11,Packers,Vikings,401326485,1,Mike Zimmer,Matt LaFleur,indoor,31.0,38.0,25.0,1.0,227.0,1.6,118.0,0.8,227.0,1.6,1.6,1.4,2.8,0.0,1.2,0.0,23.2,0.0,14.4,4.8,1.0,262.6,1.8,130.6,0.6,262.6,1.8,1.4,1.4,3.2,0.2,1.2,0.0,56.0,0.2,17.0,9.8,6.0,6.0,U.S. Bank Stadium,"Minneapolis, MN",100.0,11,21,6,1
231,1249,2021,11,Texans,Titans,401326488,0,Mike Vrabel,David Culley,cloudy,56.0,71.0,10.0,-8.0,248.0,1.0,70.0,0.2,248.0,1.0,1.2,1.0,2.4,0.0,0.8,0.0,53.0,0.0,13.6,4.2,6.0,222.4,1.4,95.4,1.6,222.4,1.4,0.4,1.2,3.4,0.4,1.2,0.4,50.6,0.0,8.2,8.8,14.0,7.0,Nissan Stadium,"Nashville, TN",97.0,11,21,6,1
232,1250,2021,2,Vikings,Cardinals,401326357,1,Kliff Kingsbury,Mike Zimmer,,,,,-1.0,310.8,2.2,120.4,1.4,310.8,2.2,1.6,0.4,1.4,0.0,0.8,0.0,31.6,0.0,9.4,5.0,1.0,280.8,1.8,113.2,0.8,280.8,1.8,2.0,1.6,5.0,0.0,0.4,0.0,22.6,0.0,20.8,7.2,7.0,7.0,State Farm Stadium,"Glendale, AZ",92.0,9,19,6,1
233,1251,2021,2,Falcons,Buccaneers,401326358,1,Bruce Arians,Arthur Smith,cloudy,83.0,76.0,5.0,-6.0,269.6,1.8,89.6,0.2,269.6,1.8,1.8,0.2,1.2,0.0,0.8,0.0,20.8,0.0,11.0,6.2,5.0,371.0,3.6,83.0,1.0,371.0,3.6,0.8,0.8,3.0,0.0,0.4,0.0,50.6,0.0,15.4,8.2,7.0,9.0,Raymond James Stadium,"Tampa, FL",97.0,9,19,6,1
234,1252,2021,2,Cowboys,Chargers,401326359,0,Brandon Staley,Mike McCarthy,,73.0,56.0,4.0,-2.0,285.8,2.0,101.4,0.8,285.8,2.0,0.2,2.0,1.8,0.4,1.4,0.0,58.6,0.2,8.8,12.0,5.0,289.8,1.8,103.0,1.0,289.8,1.8,1.2,0.4,1.4,0.0,1.2,0.0,63.0,0.0,2.8,7.8,9.0,7.0,SoFi Stadium,"Inglewood, CA",98.0,9,19,6,0
235,1253,2021,11,Lions,Browns,401326483,1,Kevin Stefanski,Dan Campbell,rain,44.0,83.0,12.0,-12.0,242.2,0.6,85.6,0.6,242.2,0.6,1.4,0.8,1.2,0.0,0.6,0.0,67.2,0.0,15.8,5.4,-1.0,207.2,1.2,120.6,0.8,207.2,1.2,1.4,0.8,2.6,0.2,0.6,0.2,52.4,0.0,9.4,4.6,21.0,7.0,FirstEnergy Stadium,"Cleveland, OH",100.0,11,21,6,1
236,1254,2021,11,Ravens,Bears,401326482,0,Matt Nagy,John Harbaugh,sunny,43.0,63.0,13.0,-1.0,281.8,2.0,145.8,1.0,281.8,2.0,1.2,0.8,1.8,0.0,0.4,0.0,54.2,0.0,20.8,6.4,-4.0,188.6,0.8,147.6,0.8,188.6,0.8,2.0,1.4,2.0,0.2,0.2,0.0,94.0,0.0,12.4,6.4,9.0,12.0,Soldier Field,"Chicago, IL",99.0,11,21,6,0
237,1255,2021,11,Colts,Bills,401326480,0,Sean McDermott,Frank Reich,cloudy,49.0,48.0,15.0,2.0,211.2,2.0,158.4,1.8,211.2,2.0,1.6,2.0,2.4,0.2,1.4,0.0,56.2,0.0,12.2,8.0,1.0,309.4,2.0,103.2,1.2,309.4,2.0,1.2,1.2,1.4,0.2,1.6,0.2,52.2,0.0,12.8,8.4,7.0,7.0,Highmark Stadium,"Orchard Park, NY",98.0,11,21,6,0
238,1256,2021,11,Patriots,Falcons,401326479,0,Arthur Smith,Bill Belichick,indoor,72.0,35.0,0.0,4.0,255.8,2.0,149.0,2.0,255.8,2.0,1.0,0.8,2.2,0.4,1.8,0.4,39.8,0.0,35.0,8.6,-1.0,259.6,1.4,79.8,0.6,259.6,1.4,1.6,1.4,0.8,0.0,0.6,0.0,35.6,0.0,13.6,8.0,4.0,4.0,Mercedes-Benz Stadium,"Atlanta, GA",91.0,11,19,4,0
239,1257,2021,2,Titans,Seahawks,401326360,0,Pete Carroll,Mike Vrabel,cloudy,61.0,74.0,12.0,-1.0,208.0,1.6,194.8,2.2,208.0,1.6,1.2,0.6,1.4,0.0,1.0,0.0,44.0,0.0,2.6,5.8,5.0,204.0,2.4,142.2,0.8,204.0,2.4,0.6,0.6,3.2,0.0,0.6,0.0,16.8,0.0,14.8,7.6,7.0,7.0,Lumen Field,"Seattle, WA",100.0,9,19,6,0
240,1258,2021,2,Chiefs,Ravens,401326361,1,John Harbaugh,Andy Reid,,73.0,66.0,2.0,1.0,296.0,2.4,102.8,0.8,296.0,2.4,1.6,0.8,2.8,0.0,0.6,0.0,49.2,0.0,15.8,6.0,-1.0,193.0,2.0,246.4,2.4,193.0,2.0,2.0,0.6,2.8,0.0,0.8,0.0,23.0,0.0,27.2,8.2,7.0,6.0,M&T Bank Stadium,"Baltimore, MD",100.0,9,20,0,1
241,1259,2021,2,Lions,Packers,401326362,1,Matt LaFleur,Dan Campbell,cloudy,73.0,84.0,12.0,-5.0,272.6,1.6,98.4,1.4,272.6,1.6,1.0,0.4,1.4,0.0,0.0,0.0,84.2,0.0,19.8,4.4,-1.0,221.0,2.4,134.2,1.2,221.0,2.4,0.6,0.4,2.0,0.0,0.6,0.0,32.6,0.0,6.2,5.0,8.0,8.0,Lambeau Field,"Green Bay, WI",95.0,9,21,1,1
242,1260,2021,10,Rams,49ers,401326478,1,Kyle Shanahan,Sean McVay,cloudy,62.0,71.0,3.0,-1.0,310.8,2.4,111.0,1.0,310.8,2.4,0.4,0.4,3.2,0.0,1.8,0.0,45.8,0.0,11.2,8.4,-1.0,268.6,1.2,118.0,1.0,268.6,1.2,1.2,0.8,2.4,0.0,0.2,0.0,48.6,0.0,24.2,5.8,7.0,8.0,Levi's Stadium,"Santa Clara, CA",94.0,11,16,1,1
243,1261,2021,10,Chiefs,Raiders,401326477,0,Rich Bisaccia,Andy Reid,,72.0,18.0,0.0,2.0,279.6,1.2,98.0,0.6,279.6,1.2,2.0,1.2,1.0,0.0,0.8,0.0,25.4,0.0,11.8,6.6,-1.0,272.4,1.4,88.2,1.0,272.4,1.4,1.0,1.4,2.8,0.0,0.6,0.0,47.0,0.0,12.4,6.8,7.0,7.0,Allegiant Stadium,"Las Vegas, NV",96.0,11,15,0,0
244,1262,2021,11,Cowboys,Chiefs,401326490,1,Andy Reid,Mike McCarthy,,58.0,33.0,14.0,1.0,335.6,2.4,118.6,0.8,335.6,2.4,1.8,0.8,1.8,0.6,1.2,0.4,42.8,0.0,7.8,7.6,3.0,309.6,1.8,92.8,0.6,309.6,1.8,2.0,1.6,1.4,0.0,1.0,0.0,13.8,0.0,21.0,7.2,7.0,6.0,GEHA Field at Arrowhead Stadium,"Kansas City, MO",100.0,11,21,6,1
245,1263,2021,2,Texans,Browns,401326130,1,Kevin Stefanski,David Culley,sunny,75.0,56.0,7.0,1.0,318.4,2.2,122.6,0.8,318.4,2.2,2.0,0.2,1.4,0.0,0.6,0.0,67.4,0.0,5.2,8.6,-1.0,290.8,1.0,126.8,2.6,290.8,1.0,2.6,0.2,2.0,0.0,0.2,0.0,51.0,0.0,6.4,3.8,7.0,6.0,FirstEnergy Stadium,"Cleveland, OH",100.0,9,19,6,1
246,1264,2021,11,Cardinals,Seahawks,401326491,0,Pete Carroll,Kliff Kingsbury,cloudy,45.0,75.0,2.0,-1.0,237.8,1.6,123.6,1.6,237.8,1.6,2.0,2.8,2.6,0.0,0.6,0.0,49.6,0.0,15.0,6.8,-1.0,203.0,1.2,65.0,0.2,188.6,1.2,0.4,0.6,1.0,0.2,0.6,0.0,48.6,0.2,14.4,4.8,7.0,7.0,Lumen Field,"Seattle, WA",100.0,11,21,6,0
247,1265,2021,11,Steelers,Chargers,401326492,1,Brandon Staley,Mike Tomlin,,8.0,12.0,5.0,0.0,254.8,1.4,94.8,0.8,254.8,1.4,1.0,1.0,2.4,0.0,0.6,0.0,48.0,0.0,17.0,6.4,-1.0,273.4,2.0,94.4,1.2,273.4,2.0,0.4,0.4,1.6,0.0,0.4,0.0,64.2,0.0,10.4,4.8,13.0,7.0,SoFi Stadium,"Inglewood, CA",98.0,11,22,0,0
248,1266,2021,3,Packers,49ers,401326377,0,Kyle Shanahan,Matt LaFleur,cloudy,69.0,57.0,15.0,1.0,214.0,2.6,129.4,1.2,179.4,2.4,0.6,0.6,1.2,0.0,0.6,0.0,40.6,0.0,5.8,3.6,2.0,256.4,2.0,142.2,1.0,256.4,2.0,1.6,0.4,2.4,0.2,0.4,0.2,39.6,0.0,18.8,7.6,6.0,7.0,Levi's Stadium,"Santa Clara, CA",100.0,9,27,0,1
249,1267,2021,3,Eagles,Cowboys,401326378,1,Mike McCarthy,Nick Sirianni,,84.0,32.0,7.0,-1.0,250.6,1.4,142.0,1.2,250.6,1.4,2.2,1.0,1.8,0.0,0.8,0.0,42.4,0.0,13.0,3.6,1.0,296.2,1.6,120.8,1.2,296.2,1.6,0.4,1.6,1.8,0.2,1.8,0.0,57.4,0.2,8.8,11.2,8.0,8.0,AT&T Stadium,"Arlington, TX",93.0,9,28,1,1
250,1268,2021,2,Bills,Dolphins,401326353,0,Brian Flores,Sean McDermott,cloudy,88.0,70.0,6.0,-1.0,319.8,2.6,122.2,1.2,319.8,2.6,2.0,0.6,2.0,0.8,1.0,0.4,83.8,0.0,26.4,9.2,1.0,226.0,1.0,116.6,1.2,266.4,1.2,0.6,1.0,2.0,0.0,1.0,0.0,9.0,0.0,5.4,6.6,7.0,6.0,Hard Rock Stadium,"Miami Gardens, FL",100.0,9,19,6,0
251,1269,2021,2,Patriots,Jets,401326354,0,Robert Saleh,Bill Belichick,sunny,73.0,44.0,10.0,-1.0,164.8,1.2,140.0,0.6,164.8,1.2,1.6,0.0,1.8,0.0,1.2,0.0,25.8,0.0,49.8,6.2,-2.0,216.2,1.4,89.8,0.4,216.2,1.4,0.6,0.8,2.4,0.0,0.4,0.0,46.6,0.0,13.0,4.2,6.0,7.0,MetLife Stadium,"East Rutherford, NJ",92.0,9,19,6,0
252,1270,2021,2,49ers,Eagles,401326355,0,Nick Sirianni,Kyle Shanahan,,75.0,50.0,8.0,1.0,270.6,2.0,140.4,1.0,270.6,2.0,1.6,0.2,2.4,0.2,0.6,0.2,37.4,0.0,19.2,6.8,1.0,246.0,1.6,161.0,1.4,246.0,1.6,2.2,1.0,2.8,0.0,1.0,0.0,38.4,0.0,12.2,4.2,7.0,7.0,Lincoln Financial Field,"Philadelphia, PA",100.0,9,19,6,0
253,1271,2021,12,Seahawks,Washington,401326508,1,Ron Rivera,Pete Carroll,cloudy,38.0,55.0,3.0,-2.0,187.8,0.8,63.8,0.4,173.4,0.8,0.8,1.0,1.2,0.2,0.4,0.0,43.4,0.2,13.6,5.2,2.0,236.4,1.4,137.0,0.4,236.4,1.4,2.2,2.0,2.2,0.0,0.8,0.0,51.4,0.0,4.4,7.0,8.0,8.0,FedExField,"Landover, MD",78.0,11,30,1,1
254,1272,2021,12,Browns,Ravens,401326507,1,John Harbaugh,Kevin Stefanski,cloudy,45.0,63.0,3.0,1.0,194.4,1.0,142.8,1.0,194.4,1.0,1.2,1.0,2.2,0.2,1.0,0.2,46.8,0.0,6.0,4.4,1.0,237.2,1.2,153.2,1.2,237.2,1.2,1.2,0.8,2.0,0.0,0.4,0.0,42.0,0.0,24.6,7.8,7.0,7.0,M&T Bank Stadium,"Baltimore, MD",99.0,11,29,0,1
255,1273,2021,12,Vikings,49ers,401326506,1,Kyle Shanahan,Mike Zimmer,,67.0,49.0,3.0,2.0,275.8,2.2,124.6,0.8,275.8,2.2,1.6,1.6,2.8,0.2,1.0,0.0,45.4,0.2,18.2,8.8,2.0,237.4,1.4,124.4,1.2,237.4,1.4,1.2,1.2,2.4,0.2,0.6,0.2,47.6,0.0,16.8,8.6,7.0,7.0,Levi's Stadium,"Santa Clara, CA",100.0,11,28,6,0
256,1274,2021,12,Rams,Packers,401326505,1,Matt LaFleur,Sean McVay,cloudy,37.0,41.0,14.0,-2.0,286.8,2.4,97.8,0.6,286.8,2.4,0.2,0.4,3.0,0.0,1.4,0.0,46.4,0.0,9.0,7.6,-1.0,265.0,2.0,106.2,0.6,265.0,2.0,1.8,1.6,2.4,0.0,1.0,0.0,18.6,0.0,11.2,5.0,12.0,7.0,Lambeau Field,"Green Bay, WI",96.0,11,28,6,1
257,1275,2021,12,Chargers,Broncos,401326504,1,Vic Fangio,Brandon Staley,cloudy,66.0,19.0,5.0,1.0,270.2,1.8,103.8,1.0,270.2,1.8,0.0,0.4,2.0,0.0,0.4,0.0,61.6,0.0,7.8,6.4,-1.0,241.8,1.4,104.4,0.8,241.8,1.4,0.8,0.4,2.4,0.0,0.8,0.0,29.2,0.0,11.8,6.0,6.0,13.0,Empower Field at Mile High,"Denver, CO",100.0,11,28,6,0
258,1276,2021,12,Jets,Texans,401326498,0,David Culley,Robert Saleh,cloudy,56.0,88.0,6.0,-3.0,335.2,2.2,83.8,0.6,335.2,2.2,1.0,0.2,1.4,0.0,0.6,0.0,84.2,0.0,10.4,5.0,1.0,207.0,0.4,73.2,0.6,207.0,0.4,1.2,1.2,2.6,0.0,1.4,0.0,42.4,0.0,13.4,5.4,7.0,7.0,NRG Stadium,"Houston, TX",90.0,11,28,6,1
259,1277,2021,12,Falcons,Jaguars,401326500,0,Urban Meyer,Arthur Smith,cloudy,62.0,44.0,11.0,-2.0,222.8,1.0,66.2,0.4,222.8,1.0,1.0,1.4,1.0,0.0,0.6,0.0,50.4,0.0,12.0,6.2,-2.0,205.6,0.4,95.6,0.8,205.6,0.4,1.2,0.4,2.0,0.0,0.6,0.0,57.6,0.0,12.2,5.6,9.0,7.0,TIAA Bank Field,"Jacksonville, FL",88.0,11,28,6,0
260,1278,2021,12,Eagles,Giants,401326503,1,Joe Judge,Nick Sirianni,cloudy,36.0,76.0,6.0,2.0,167.4,1.0,201.0,2.0,167.4,1.0,1.4,1.2,1.4,0.6,0.6,0.2,33.4,0.0,14.0,10.0,-1.0,195.8,1.0,90.0,0.4,195.8,1.0,1.4,1.2,2.4,0.2,1.4,0.2,53.2,0.0,7.6,6.8,7.0,5.0,MetLife Stadium,"East Rutherford, NJ",90.0,11,28,6,0
261,1279,2021,12,Titans,Patriots,401326502,1,Bill Belichick,Mike Vrabel,cloudy,37.0,49.0,7.0,-1.0,243.8,1.6,86.8,0.8,243.8,1.6,1.2,1.8,2.8,0.4,1.0,0.4,41.8,0.0,12.2,7.0,5.0,251.4,1.8,151.8,1.6,251.4,1.8,0.8,0.6,3.0,0.6,2.4,0.6,30.4,0.0,33.8,10.6,7.0,9.0,Gillette Stadium,"Foxboro, MA",100.0,11,28,6,1
262,1280,2021,12,Panthers,Dolphins,401326501,1,Brian Flores,Matt Rhule,sunny,77.0,47.0,5.0,-1.0,162.0,0.6,122.8,0.8,162.0,0.6,1.2,1.4,2.8,0.0,0.8,0.0,25.8,0.0,10.0,7.8,3.0,265.4,1.4,84.4,0.8,265.4,1.4,1.6,1.6,2.4,0.2,1.0,0.0,23.8,0.0,13.8,5.6,7.0,7.0,Hard Rock Stadium,"Miami Gardens, FL",96.0,11,28,6,1
263,1281,2021,12,Buccaneers,Colts,401326499,0,Frank Reich,Bruce Arians,sunny,41.0,54.0,8.0,1.0,287.2,2.8,100.4,0.8,287.2,2.8,0.6,1.0,2.8,0.0,1.2,0.0,30.0,0.0,20.2,6.8,3.0,187.8,1.8,176.4,2.2,187.8,1.8,1.8,2.2,2.2,0.2,1.6,0.0,55.0,0.0,12.0,8.8,5.0,7.0,Lucas Oil Stadium,"Indianapolis, IN",100.0,11,28,6,0
264,1282,2021,12,Steelers,Bengals,401326497,1,Zac Taylor,Mike Tomlin,sunny,44.0,46.0,10.0,-1.0,245.8,1.8,96.8,1.0,245.8,1.8,1.0,1.0,2.8,0.0,0.6,0.0,56.2,0.0,14.2,8.2,1.0,287.0,2.2,107.6,1.4,287.0,2.2,2.0,1.6,2.4,0.0,0.8,0.0,30.2,0.0,15.6,9.2,6.0,6.0,Paycor Stadium,"Cincinnati, OH",97.0,11,28,6,0
265,1283,2021,12,Bills,Saints,401326496,0,Sean Payton,Sean McDermott,cloudy,72.0,67.0,4.0,-1.0,292.0,1.8,97.2,1.0,292.0,1.8,1.6,1.0,1.0,0.0,1.2,0.0,79.0,0.0,11.4,7.0,-3.0,248.4,2.0,110.0,0.8,248.4,2.0,1.4,1.0,3.0,0.2,0.4,0.2,78.2,0.0,19.4,6.8,4.0,4.0,Caesars Superdome,"New Orleans, LA",95.0,11,26,4,1
266,1284,2021,12,Raiders,Cowboys,401326495,0,Mike McCarthy,Rich Bisaccia,,,,,-3.0,287.2,1.6,88.8,0.8,287.2,1.6,1.2,1.8,2.6,0.0,0.6,0.0,47.4,0.0,9.6,7.6,-1.0,314.0,1.8,94.8,0.6,314.0,1.8,1.8,0.8,2.4,0.4,1.0,0.2,50.6,0.0,5.8,6.6,4.0,4.0,AT&T Stadium,"Arlington, TX",93.0,11,25,3,1
267,1285,2021,12,Bears,Lions,401326494,0,Dan Campbell,Matt Nagy,indoor,68.0,70.0,,-5.0,220.8,1.0,137.4,0.6,220.8,1.0,2.0,1.4,2.6,0.2,0.2,0.0,83.6,0.0,5.6,5.0,-14.0,197.8,0.2,101.2,0.8,197.8,0.2,0.8,0.6,1.2,0.0,0.8,0.0,60.0,0.0,13.4,5.8,3.0,3.0,Ford Field,"Detroit, MI",87.0,11,25,3,0
268,1286,2021,11,Giants,Buccaneers,401326493,1,Bruce Arians,Joe Judge,cloudy,69.0,82.0,6.0,1.0,221.2,1.0,91.4,0.6,221.2,1.0,1.4,1.6,2.6,0.2,1.4,0.2,64.0,0.0,9.0,7.6,-2.0,314.0,3.4,105.8,0.8,314.0,3.4,0.6,1.0,3.0,0.0,1.0,0.0,20.8,0.0,18.4,6.2,15.0,8.0,Raymond James Stadium,"Tampa, FL",100.0,11,23,1,1
269,1287,2021,2,Raiders,Steelers,401326356,0,Mike Tomlin,Jon Gruden,sunny,79.0,52.0,2.0,2.0,353.2,1.6,108.8,1.6,353.2,1.6,1.2,0.6,1.8,0.0,0.0,0.0,12.0,0.0,23.8,9.2,1.0,240.6,1.8,63.0,0.4,240.6,1.8,1.2,0.8,3.0,0.2,0.4,0.0,39.8,0.0,9.6,6.2,5.0,7.0,Acrisure Stadium,"Pittsburgh, PA",93.0,9,19,6,0
270,1288,2021,18,Chargers,Raiders,401326600,1,Rich Bisaccia,Brandon Staley,,59.0,20.0,10.0,1.0,280.2,2.2,123.2,1.4,280.2,2.2,0.8,1.0,2.2,0.4,0.8,0.0,91.2,0.2,4.6,9.0,3.0,240.8,0.8,92.6,0.6,240.8,0.8,2.6,1.0,1.4,0.0,0.2,0.0,43.8,0.0,22.6,7.6,7.0,7.0,Allegiant Stadium,"Las Vegas, NV",95.0,1,10,0,1
